x,y,theta,time
0.296619000131878,-1.2591140000446799,-0.8483759993987824,1782920759.112053
0.30904700034651283,-1.2733320001070643,-0.8509329956494032,1782920760.6129923
0.3370730006897482,-1.3048400000551037,-0.8492609919180436,1782920762.1218858
0.3432350009564462,-1.3123170000754498,-0.6946699881909091,1782920763.65246
0.34707700120853413,-1.3161840001004663,-0.19529398446560134,1782920764.1187422
0.34989300146687685,-1.319514000127405,0.28609401925806993,1782920764.4031174
0.35458200173728754,-1.3228150001081347,0.7671140229806573,1782920764.662928
0.3568127163304831,-1.3228580776806937,0.8859917632410466,1782920766.1631558
0.35665843120523605,-1.3227791631041366,0.8857225221020552,1782920767.6728168
0.356577145512016,-1.3226972356276758,0.8860022747378996,1782920769.2030756
0.3564698601041374,-1.3226163166572034,0.8860860299648643,1782920770.7080095
0.35637057469592426,-1.3225353942849767,0.8862267851920481,1782920772.21316
0.35625429000116765,-1.3224554839622902,0.8862385463238979,1782920773.722749
0.35616500373960086,-1.3223735530858418,0.8864623038189698,1782920775.2533126
0.3560907183203005,-1.3222926059073175,0.8867860532125228,1782920776.762595
0.35599743290986,-1.322211676732452,0.886975800662112,1782920778.263234
0.35587914751914496,-1.3221307786024576,0.8869705542726942,1782920779.8130753
0.3557668635439769,-1.3220508746597532,0.8870163124969801,1782920781.3193097
0.3556495781604587,-1.3219699803577167,0.8870250765610711,1782920782.8526857
0.3556010804908455,-1.321901826209744,0.8871156877583521,1782920784.3641183
0.35557258099777955,-1.3218326362297979,0.8873602933060989,1782920785.90915
0.35552408332881424,-1.321764482082077,0.8874508988574251,1782920787.4141765
0.3554725856659743,-1.321696333853079,0.8875175052315079,1782920788.923759
0.3554791019004057,-1.3216378359578826,0.8875871375501028,1782920790.4540749
0.3554736202664385,-1.3215803631554972,0.8875677717330444,1782920791.9632146
0.355459138695744,-1.3215229100068895,0.8874834098852735,1782920793.464547
0.35545265496081807,-1.3214644400609725,0.8874590501451636,1782920795.0132248
0.35549676724963764,-1.3214067556315097,0.8874308190011057,1782920796.520185
0.35552788180483835,-1.32135010025397,0.8873135915800554,1782920798.0535371
0.3556029917786905,-1.3212913464912932,0.8875153581317711,1782920799.5592484
0.3544828473468649,-1.3206742702150835,0.7326665019367501,1782920801.0593066
0.3543889224902372,-1.3212973492856046,0.8064715646120632,1782920802.5646942
0.3585074690091065,-1.3207909377431144,1.2651714953567428,1782920803.6043415
0.36309968725794145,-1.3188114285917665,1.717394512071573,1782920804.50482
0.3669997338105862,-1.3158774609817618,2.1737750607449633,1782920805.414332
0.36713319826274615,-1.3118150158088622,2.627511568140223,1782920806.3143106
0.3652590616420983,-1.3075001339508827,3.0995217088549256,1782920807.2558532
0.3628430773890585,-1.302827500713551,-2.7264592637809955,1782920808.1655629
0.35907356888554687,-1.300565995277589,-2.2734405300159546,1782920809.064644
0.3541205001529339,-1.2985072541874194,-1.8022827786447326,1782920810.0051627
0.350345514097981,-1.300816863505012,-1.3411294437879606,1782920810.921968
0.3486749065439359,-1.3040127907116315,-0.8692807870214002,1782920811.8644128
0.3485915313215237,-1.304302016666735,-0.8037899592866016,1782920813.3644748
0.3810149523400732,-1.3366706248563844,-0.7974607705746029,1782920814.904285
0.43133406334317775,-1.3877718156343002,-0.7969632604991442,1782920816.406407
0.4818048039605893,-1.439206836577284,-0.7965831162138093,1782920817.9144683
0.5306313077839475,-1.4892121866427268,-0.7989602105927954,1782920819.415486
0.5815249191470547,-1.5410159570695041,-0.7976800283250552,1782920820.925784
0.642802078455866,-1.602998674778012,-0.7985801405364383,1782920822.4565806
0.7032396381412599,-1.6650564040584286,-0.799385307519494,1782920823.9635108
0.716665165258409,-1.6792490951479044,-0.7697807403570708,1782920825.46549
0.7188458360719217,-1.6814141104037872,-0.5779547273100738,1782920827.0157752
0.7170089623259539,-1.676977641867473,-1.0381352939334332,1782920828.4056575
0.7197514932121024,-1.6723125148168991,-1.5073238453272866,1782920829.566688
0.723219359944536,-1.668953898055558,-1.965272372239548,1782920830.711622
0.7251859707284579,-1.672332397453391,-2.26245745298472,1782920832.2158284
0.6713080858271817,-1.7368663815379846,-2.260551505104389,1782920833.7560213
0.5881374444338539,-1.8383384491022625,-2.261314999521907,1782920835.257719
0.517880547059042,-1.923394100226001,-2.2629105145556716,1782920836.7656858
0.5176235409073164,-1.9227325012400698,-2.208579518012479,1782920838.268704
0.5135294333658457,-1.9230863727418623,-1.7730171740869018,1782920839.8167138
0.5107640787213974,-1.9263415941840103,-1.3256627081798271,1782920841.3240244
0.5113245214026152,-1.9250753821000837,-1.4639141689315274,1782920842.8569903
0.5145218160119995,-1.9228972363691375,-1.8524835833114788,1782920844.3677545
0.5189707308056002,-1.9236582318030073,-2.2465114053851685,1782920845.9128032
0.5028388878536735,-1.9430671875119174,-2.2841504710095806,1782920847.4168322
0.47293925284799637,-1.9778030040562184,-2.283022296624792,1782920848.9564629
0.454360488251666,-1.999986862889621,-2.2837661256976856,1782920850.4579296
0.4456483702364829,-2.003781704696146,-1.9874875177760716,1782920851.966864
0.4417135416067634,-2.005443947363411,-1.5862301539536958,1782920853.469977
0.43948717649596797,-2.009021206786233,-1.1722398800993952,1782920855.0178392
0.43988341087508853,-2.0133536334556377,-0.7627270715267132,1782920856.5589828
0.4434257949019933,-2.0178544973098593,-0.3508655825669922,1782920858.1079144
0.44733648010460586,-2.0216270972379773,0.030519208231193966,1782920859.608024
0.44982126611068624,-2.0248002395198497,0.3650236575479719,1782920861.1140034
0.45396172497846493,-2.0279598769492124,0.7645619245791742,1782920862.617652
0.45910379078933955,-2.030164719880837,1.1774998705409159,1782920864.1579587
0.4636106249506614,-2.028439789323188,1.5777926139530758,1782920865.6590374
0.46580745887378466,-2.02403559060612,1.9772221128834393,1782920867.168069
0.46609150339420974,-2.0209745815728324,2.310650110669153,1782920868.6700785
0.46513163645952577,-2.0174020972783673,2.6435639091954584,1782920870.21865
0.450145699627098,-2.0094990062493827,2.647866751572682,1782920871.767981
0.41307294200820993,-1.990471485685878,2.6516056486587156,1782920873.307183
0.37805623396932564,-1.972228234165116,2.653545150874436,1782920874.8087902
0.36508371614695717,-1.9652321524517866,2.6551331443635036,1782920876.3187006
0.36533561221032507,-1.9653299549220347,2.6542105685536526,1782920877.8691704
0.36561051629338537,-1.965380382339655,2.6537403295902933,1782920879.4188073
0.3658825390182624,-1.9654207749324974,2.6533500906227547,1782920880.958696
0.36614508043537003,-1.9654200444840202,2.653267894865115,1782920882.5083065
0.3664092177976847,-1.9654522849397116,2.6529491878266054,1782920884.0092995
0.366676197428449,-1.9654965638301385,2.6525344777377247,1782920885.5162835
0.36693936948702116,-1.9655267892247126,2.652237778924813,1782920887.0184925
0.36720256001487267,-1.9655560136199237,2.6519430924569027,1782920888.5688057
0.3673976982071304,-1.965585405626922,2.651570232500936,1782920890.1083002
0.367586346747755,-1.9655806963175921,2.6514573999390096,1782920891.613599
0.3677833788033753,-1.9656171174562438,2.6510315635608066,1782920893.1195652
0.36799928106072893,-1.9656507553771747,2.650641660470518,1782920894.6697874
0.36821886020500233,-1.9657044552174554,2.650100740551685,1782920896.2098386
0.3684453397289226,-1.9656980796305212,2.650029418237381,1782920897.7593963
0.3555663316447125,-1.9585150366894561,2.646584027078481,1782920899.261423
0.32091923439668474,-1.9399175894750949,2.6497362166391527,1782920900.767482
0.3209838162273443,-1.9396235014952556,2.68582795328249,1782920902.2695172
0.3229461949896602,-1.9434573460816744,2.391952767782237,1782920903.8195505
0.3130217494600257,-1.9340018452344612,2.3911273338552363,1782920905.359476
0.2882843299512097,-1.9105807552766634,2.38758260957984,1782920906.859836
0.2580903389144059,-1.88251672940551,2.3921458579333277,1782920908.370535
0.2271676202437099,-1.854131942837705,2.3945782728358784,1782920909.9197626
0.1963609135280232,-1.8263305811260986,2.3988113932474,1782920911.450911
0.1661274641964081,-1.7983214807700285,2.403379438370143,1782920912.9605694
0.13567923872577323,-1.7709505365751452,2.405525873312737,1782920914.461627
0.10542876179447937,-1.743914796640855,2.4091474449273145,1782920915.9686463
0.07420265581766676,-1.7155827316083883,2.4134531133171437,1782920917.5216937
0.043987684006406416,-1.6882765995114026,2.415234140046294,1782920919.0707536
0.012318559087673306,-1.6602296483505286,2.415702993489904,1782920920.6211026
-0.018473415973869107,-1.6329052406310693,2.4179741683632465,1782920922.156752
-0.04767116976483431,-1.607404440460293,2.4234523338999323,1782920923.6638308
-0.04763628623882239,-1.6063518467410671,2.535421353097792,1782920925.1717205
-0.04699487323639717,-1.608680667661149,2.2858465479615178,1782920926.721773
-0.04721694446717267,-1.613393674210886,1.8811229146396833,1782920928.2512114
-0.050295242076330245,-1.617520435741722,1.4826196710334276,1782920929.760795
-0.05412277246715167,-1.6202650599466801,1.0851978668616862,1782920931.2618408
-0.058933353111412685,-1.6205575559819991,0.6884213954921111,1782920932.7688975
-0.06339199265657207,-1.6186237304155073,0.2908300874056165,1782920934.3218217
-0.06753240826154046,-1.6149540419985373,-0.11644562625176227,1782920935.851331
-0.07048012289694487,-1.6105178192762422,-0.5119241153334881,1782920937.3569772
-0.07177252012337594,-1.6058523346230045,-0.9125013950312307,1782920938.865041
-0.07153193895723504,-1.6012761676357181,-1.2838886055275633,1782920940.3719816
-0.06888384480592107,-1.5969809348965676,-1.6937381519692352,1782920941.9215472
-0.06461079450372545,-1.5945849075169376,-2.0988892363680822,1782920943.451309
-0.061546476865328624,-1.5940492617011914,-2.3100691019488617,1782920944.960992
-0.07026706153887383,-1.6033457722314408,-2.310847316458477,1782920946.461928
-0.09825990119854726,-1.6336986319440878,-2.3083305696265866,1782920947.969266
-0.12754239704149564,-1.6657938967175965,-2.307162860540524,1782920949.5223842
-0.1576950603874416,-1.6984295136435807,-2.3051052924127826,1782920951.0529706
-0.183404910397747,-1.7262045053800548,-2.3040433849491153,1782920952.5590415
-0.21306230192410308,-1.7589237353447635,-2.301668787706544,1782920954.0660377
-0.24218174249035732,-1.79110223518132,-2.297319185896028,1782920955.572387
-0.25674819864670984,-1.8072389462655183,-2.296900175795476,1782920957.1222856
-0.25694971521655124,-1.8072619113108546,-2.296931168923612,1782920958.6524425
-0.25712681243472324,-1.8073221438520155,-2.2972074059840084,1782920960.162073
-0.25732651954862973,-1.8073687036903945,-2.2974306464474847,1782920961.6630907
-0.2575575867831197,-1.8074664988960305,-2.2976119316512316,1782920963.1711478
-0.25777266117655667,-1.8075647726411135,-2.297907213506926,1782920964.7231898
-0.2579777402102295,-1.8076633509737146,-2.298281487823399,1782920966.2539933
-0.2582216438303186,-1.8077853191633477,-2.2984645436725284,1782920967.7641397
-0.25845355308287987,-1.8079076549438944,-2.2987285959008488,1782920969.3141456
-0.27270852794147404,-1.8236206008606144,-2.2987625957773683,1782920970.864209
-0.30231087121523587,-1.8562104351257902,-2.297041337279868,1782920972.3734894
-0.33135003399318497,-1.8887779766613482,-2.2944237111408747,1782920973.9036224
-0.3600564527473469,-1.920779343772834,-2.2937550998177434,1782920975.4126022
-0.38130167644807084,-1.9446496806619362,-2.2922474696683484,1782920976.9142263
-0.3815640652621364,-1.9448206193483624,-2.2923968161798824,1782920978.4633296
-0.3778896155398639,-1.9477884745360596,-2.6343560748840833,1782920979.9700608
-0.37430789435483236,-1.9530170190645397,-3.096279015490365,1782920981.1235054
-0.37153018061076337,-1.9588375127023117,2.7190775023582057,1782920981.9035378
-0.37007534516238777,-1.9639933790642135,2.268479054806921,1782920982.654749
-0.3713413355036565,-1.9689293558720355,1.8088848717561357,1782920983.4104474
-0.3754578522492409,-1.9712304177956448,1.3566166704054012,1782920984.164299
-0.38062746656634183,-1.9711125665700486,0.9054104087526619,1782920984.9151058
-0.38630409305378355,-1.968137145364781,0.42604291249734827,1782920985.7143147
-0.38948537567012187,-1.9641022550741103,-0.025894468567210782,1782920986.4643865
-0.3920773722487962,-1.9601434160780793,-0.47984532235946004,1782920987.2143655
-0.39397739801267634,-1.9562721455557184,-0.9386631667437491,1782920987.9745271
-0.3940884460311766,-1.952415874709828,-1.4189749687223774,1782920988.77481
-0.3901351593820859,-1.9505887745982033,-1.8982233666298831,1782920989.5750425
-0.3851610382317936,-1.952649446955167,-2.3672195833297525,1782920990.354849
-0.3963877509847656,-1.9637231113773805,-2.5528804271509236,1782920991.9228218
-0.43342771486741066,-1.9886166084632177,-2.5539795411929065,1782920993.4546442
-0.4690222123361893,-2.0130406498374285,-2.5502411711074835,1782920994.9654553
-0.504643105199785,-2.0375396662155376,-2.545382564372723,1782920996.514424
-0.5496508736508797,-2.067904616966375,-2.548461570200894,1782920998.0199397
-0.6231592088084835,-2.11798253691766,-2.547256680867505,1782920999.5757835
-0.6956117804195675,-2.167484508543306,-2.5463293931168307,1782921001.1249726
-0.7207011445088957,-2.1842720266155258,-2.5489784164167397,1782921002.6555724
-0.7252431660397007,-2.183285371871557,-2.14851885452778,1782921004.1656542
-0.7300371483177148,-2.1844186193540653,-1.6832281138706198,1782921005.4555533
-0.7282359368289181,-2.220271539844131,-1.2311661053612373,1782921006.8655913
-0.7008811994845083,-2.2830911353133323,-1.1454459558346337,1782921008.4159112
-0.682256280775561,-2.3474091486011877,-1.3042391741018837,1782921009.9558756
-0.6735670557278876,-2.4145606974184988,-1.4617405146951437,1782921011.5253837
-0.6746881108477918,-2.482025583132256,-1.6113879679758851,1782921013.0557282
-0.6899301417160821,-2.5524373857442684,-1.9100138676027483,1782921014.5656157
-0.726476173013097,-2.6150716296560432,-2.247222131807588,1782921016.0656705
-0.7816763432250595,-2.664508333511512,-2.556153544627236,1782921017.616705
-0.8446404151189864,-2.6999522797876616,-2.6351222283190716,1782921019.1752384
-0.9080283550318494,-2.733871411144571,-2.699917886930261,1782921020.7252607
-0.9395381815978568,-2.7465988040949796,-2.7777426060176746,1782921022.25714
-0.9487322765287005,-2.7499334976194953,-2.9005919008714347,1782921023.763742
-0.9668935720661372,-2.75300024421429,-3.088744118046239,1782921025.2667348
-0.9772392411292007,-2.7533002713161707,3.0857507147421246,1782921026.8165636
-0.9955117306912733,-2.7507509324505746,2.894603905392621,1782921028.35359
-1.007234859492097,-2.7474051857738297,2.7697434944647172,1782921029.857919
-1.00735636471412,-2.7473833374600205,2.769970083538737,1782921031.3668156
-1.0074714530223543,-2.747380693914201,2.770042681387287,1782921032.866968
-1.0076398821495685,-2.7472986336344354,2.770321485449878,1782921034.4169917
-1.0077122845893183,-2.7472834954952066,2.794132300081031,1782921035.9562824
-1.0072420308066858,-2.747844454567135,2.6308863898293904,1782921037.457297
-1.0065303871470912,-2.7508737048616205,2.4257713826092933,1782921038.964982
-1.0065345410205728,-2.7508061866900544,2.4259193750429957,1782921040.4668963
-1.0065155717442802,-2.7507655350422673,2.426073473263292,1782921042.0179448
-1.006496959890009,-2.750736878070589,2.4261395714823055,1782921043.55807
-1.0064790214115025,-2.7506971962833657,2.426288670597931,1782921045.063969
-1.0064604983170977,-2.7506715379989433,2.4263337694992844,1782921046.5679605
-1.006418780147205,-2.750667860193833,2.426420277242117,1782921048.0680947
-1.0284094702723572,-2.731430336317545,2.4234123187119487,1782921049.577839
-1.0592489695671368,-2.7046737256827296,2.431102401290756,1782921051.1080892
-1.0721818320881658,-2.693406149456768,2.4325065910123103,1782921052.6170132
-1.072044205058241,-2.693476098761203,2.432719785762497,1782921054.1173785
-1.071906839554831,-2.6935550442678027,2.432864980515983,1782921055.6183565
-1.1623869031223377,-2.615598619656046,2.433639437389111,1782921057.1576371
-1.2122480067904493,-2.571954125837938,2.4339281300157283,1782921058.6591072
-1.2120495348942544,-2.574420775691723,2.323568529989054,1782921060.1680856
-1.213193069032392,-2.5695275091140206,2.723660257521608,1782921061.669124
-1.2159870365654826,-2.565451233211663,-3.150493168454557,1782921063.2083936
-1.2200072773471105,-2.5623076100674465,-2.75157558657584,1782921064.7101386
-1.2219596045563048,-2.561121861633212,-2.5697384488831987,1782921066.2191544
-1.2761877335401233,-2.596358692317095,-2.5669961242188144,1782921067.7192695
-1.3446403270185334,-2.640643009676327,-2.5691578966464017,1782921069.2681828
-1.3449960755881254,-2.6428530045913647,-2.6858284822313734,1782921070.8190646
-1.3419218061452343,-2.6467133701873133,-3.14759014836877,1782921072.3589168
-1.3398739954825087,-2.6520161290549953,2.6634170994262947,1782921073.3683083
-1.3394765247659348,-2.657156406220881,2.1883939783772095,1782921074.3132875
-1.3408689612886255,-2.659906843442186,1.9450981987988347,1782921075.81924
-1.343738113576849,-2.662459639191014,1.5477699106748726,1782921077.3682408
-1.347598061321681,-2.663709728050708,1.1641275674524192,1782921078.8694618
-1.3523622356174145,-2.66342171470292,0.7698965006110841,1782921080.409693
-1.3564111176271443,-2.661765600553628,0.3762209827080573,1782921081.9593706
-1.359359018879433,-2.658459808251416,-0.02150988425320886,1782921083.509428
-1.3612743660097608,-2.6548005655453015,-0.4081753622956979,1782921085.016311
-1.3624236712892892,-2.6510864509428695,-0.7952089931524067,1782921086.5197384
-1.3593360539728008,-2.6522393223901566,-1.1029385820965698,1782921088.061621
-1.3452810672565396,-2.682957104638467,-1.106060262107459,1782921089.609517
-1.3013807975486282,-2.7706203961134754,-1.1022477920427338,1782921091.11038
-1.240090273610379,-2.8934579556722944,-1.1013117976943179,1782921092.620402
-1.1921256514391478,-2.9904409535725707,-1.1017148734728508,1782921094.169391
-1.1920011454538368,-2.9926040765147244,-0.9438554321361354,1782921095.6708858
-1.1902914033407617,-2.988979206332191,-1.4637449445674766,1782921096.5197124
-1.184291872227563,-2.9864066014265074,-1.9863445797970032,1782921096.919979
-1.1776857308387185,-2.987118114086564,-2.44874812404654,1782921098.260442
-1.173992474780979,-2.9899824636991585,-2.918179416105814,1782921099.061427
-1.1712549179031604,-2.9946270684198018,2.903944019561022,1782921099.719573
-1.16961470125912,-2.9991231614054588,2.4087063123204095,1782921100.660452
-1.170802034260043,-3.0042726038559713,1.9302925348923838,1782921101.0174558
-1.1744261540642222,-3.0074850188474236,1.4784098274332047,1782921101.3206885
-1.1808044120578278,-3.0083548610181543,0.9725201087288148,1782921101.6565146
-1.186793517520556,-3.0062001978090707,0.514286136725751,1782921101.9605677
-1.1914249705830966,-3.0019166690227643,0.061782100874747135,1782921102.2605925
-1.194114732753746,-2.996633515275776,-0.40503512869241737,1782921102.571035
-1.1956970743001802,-2.989507608819074,-0.904303104658903,1782921102.9205608
-1.1705532879006402,-3.021942980187114,-0.9278213240702469,1782921104.420848
-1.0701725337576058,-3.1551827530495347,-0.9241939788452819,1782921105.9578514
-1.0107464134747741,-3.2345835942783,-0.9239887103186327,1782921107.461568
-1.010968647084796,-3.236243482332007,-0.748078209464752,1782921108.970612
-1.010419006185747,-3.240549306112919,-0.2928157534216827,1782921110.170585
-1.0079600793397536,-3.245311892240343,0.17977557431587216,1782921111.1116138
-1.0037688653296746,-3.2488553468303167,0.6314585321271862,1782921112.061072
-0.9762201886823415,-3.2284979722132623,0.6287560524760084,1782921113.5626428
-0.8938132593506639,-3.169478448456807,0.6300697766608059,1782921115.1106412
-0.8333683394693824,-3.126004445106152,0.6247465097408129,1782921116.6177194
-0.7768145274551792,-3.085676698001424,0.6234823317293519,1782921118.1221566
-0.7787747640049136,-3.084138738564874,0.4337734764846023,1782921119.6616862
-0.7820962234248625,-3.0803589925777297,-0.04522936401654085,1782921120.665872
-0.784351169905791,-3.0762754925677966,-0.500212635299595,1782921121.4218717
-0.7851173354512013,-3.0714325001421057,-0.96889319871514,1782921122.812105
-0.782963842751532,-3.0676358209577064,-1.426781571065473,1782921123.4617832
-0.7796396390778085,-3.065348601292593,-1.8898033455714898,1782921124.121676
-0.7738424007105897,-3.0660252560146657,-2.3482882978572577,1782921124.811799
-0.7701088510950096,-3.0696272025389564,-2.81184882581602,1782921125.6727943
-0.7667359444782343,-3.0742051217509974,3.0176115764212295,1782921126.312807
-0.7649521579767758,-3.0790591856175387,2.5521461819387015,1782921127.2620685
-0.7647256187864472,-3.084014843110375,2.093703176207587,1782921127.913817
-0.7660921732072714,-3.0867498181956394,1.841931619157507,1782921129.420887
-0.7806309207365277,-3.0311584772570814,1.8409893141668783,1782921130.9214754
-0.8003030661578674,-2.9575017616344645,1.8450709297118393,1782921132.4585774
-0.8232140042708164,-2.8776110581206265,1.846712718996828,1782921133.96292
-0.8366304096461089,-2.828092438647263,1.8464086137189253,1782921135.4629536
-0.8363295600968649,-2.8266947262160427,1.896988802830527,1782921136.972291
-0.8402708231264582,-2.829240186788574,1.437843573527421,1782921138.0130422
-0.8453596361054676,-2.829957508949426,0.9558431375896301,1782921138.9729965
-0.8366619688066039,-2.818702045920669,0.7814434711376512,1782921140.473965
-0.7055344306515658,-2.6903507547567997,0.7864719635158529,1782921142.0131514
-0.5256836940422124,-2.5141591039068127,0.7824701051932113,1782921143.3253677
-0.4818056881670421,-2.4670063305859924,0.5944954949631043,1782921144.8603604
-0.48522918724793435,-2.462798834507907,0.13012113899585806,1782921145.7228866
-0.48825077547856044,-2.458254960057983,-0.3483631613201554,1782921146.5227852
-0.4895461149860709,-2.453808814627927,-0.8305355093508064,1782921147.323136
-0.47827883044149366,-2.4718698485586774,-1.0388880640397424,1782921148.8648176
-0.41816099985249067,-2.5747799420693633,-1.0356988562345055,1782921150.4141326
-0.3257079156181666,-2.7314154452929498,-1.035935600184025,1782921151.9635208
-0.2409635152954175,-2.8757290667216044,-1.0370986108789535,1782921153.4643683
-0.24085826583637807,-2.871993427218983,-1.2463584463736574,1782921154.9741187
-0.23809901147376747,-2.870161014848588,-1.6983454136054281,1782921156.3632534
-0.2335115299876665,-2.8697654050612633,-2.1705919740350486,1782921157.1632442
-0.22926999083985325,-2.872585100663008,-2.6359935347212597,1782921157.8232446
-0.22534615300556432,-2.8771703588974415,-3.0929262098016213,1782921158.41335
-0.22350251256059342,-2.881798379135594,2.7399672032958113,1782921159.1652572
-0.22356137369913937,-2.8872518476411386,2.2489902720399244,1782921159.7717566
-0.2254103606259098,-2.8920490598882647,1.7757488339162812,1782921160.3632703
-0.22947051761883008,-2.894552218868551,1.291484967211148,1782921160.971512
-0.23465827769389785,-2.894313226552304,0.8155214377233924,1782921161.563273
-0.2383784663648656,-2.891206303106763,0.3639327233275034,1782921162.1234205
-0.24167666682608255,-2.8865965168910392,-0.1078799432780142,1782921162.7132916
-0.24321994256687043,-2.880964530342673,-0.5988352122737381,1782921163.3243997
-0.24148430106336916,-2.879391633391249,-0.8785103974162723,1782921164.8656118
-0.21491702154043638,-2.9113871452036366,-0.8796503539032677,1782921166.40934
-0.18909289669537882,-2.942353669313381,-0.8794975168976762,1782921167.9156692
-0.1632467933118146,-2.974213739887376,-0.8783134540390688,1782921169.4246106
-0.1362378060148165,-3.0069539369165916,-0.8781468391978053,1782921170.9248316
-0.09962937276305511,-3.0506992462891014,-0.8747021625979711,1782921172.4645
-0.06178004348616958,-3.096213111904202,-0.877011673132776,1782921173.966472
-0.030433271364124236,-3.1341017863049108,-0.8747625085183837,1782921175.5144303
-0.02948761410350352,-3.1378964520542336,-0.49149658226979454,1782921177.021703
-0.02779380927070394,-3.142456876918738,-0.01865958759629744,1782921177.964484
-0.024659617687846358,-3.146254434561776,0.4325739788513747,1782921178.8605628
-0.0051438930695136284,-3.1370004327547703,0.45699434209484063,1782921180.3645148
0.0888121295394285,-3.090245039830315,0.4552347700344397,1782921181.868533
0.22328592392147584,-3.0239033365428494,0.45567920230135384,1782921183.3750129
0.37727148520151316,-2.9479012493737424,0.45403423853594815,1782921184.905789
0.5241483509133065,-2.875459222864949,0.45290423026091003,1782921186.4156702
0.5214329091212718,-2.874082916141917,0.1869477736024464,1782921187.965608
0.5189410932089537,-2.870437465060601,-0.26513504589602577,1782921189.024614
0.5183057129130216,-2.865677620818549,-0.7369583374153545,1782921189.9656615
0.5180946101593983,-2.861775961661546,-1.188728644727167,1782921190.8638308
0.5212199741198384,-2.8587361209614173,-1.66652571649827,1782921191.8228488
0.5259519288844506,-2.858755342840263,-2.1393278684213506,1782921192.7657337
0.5301098759767391,-2.861045939940033,-2.5914734942368263,1782921193.6617448
0.5334096635230222,-2.865542103101026,-3.0723271179921015,1782921194.6263587
0.5348967616522708,-2.8695385898697774,2.7576962866224846,1782921195.6156752
0.5356871187441716,-2.873784808291605,2.3074067358650456,1782921196.669737
0.5343308779584625,-2.8776241947704415,1.8551652634657645,1782921197.5657208
0.5313577596802914,-2.8800247269439114,1.3981458790588825,1782921198.576016
0.527068202872187,-2.8796918909426235,0.9295605687380215,1782921199.5157733
0.5224659736052006,-2.876785695261496,0.5578343024047202,1782921201.0271404
0.553749431697525,-2.8572377250656893,0.5554021897657409,1782921202.627065
0.6381882638061062,-2.805696002857311,0.5555998098211674,1782921204.157845
0.7223670856020633,-2.753336024825193,0.5550924914029924,1782921205.664947
0.8071631154666987,-2.7007189984654922,0.5537335651868653,1782921207.1668613
0.8914133728036991,-2.6484021933098414,0.5551110479389214,1782921208.666884
0.89349981494378,-2.6493882418812023,0.7303370383320659,1782921210.2279484
0.8987862309637561,-2.649909434658443,1.20445470568718,1782921211.617175
0.9032262598297286,-2.647596352260036,1.6547051761053317,1782921212.412932
0.9062014172978717,-2.6438089377606944,2.1098503494906358,1782921213.166917
0.9062646365729212,-2.6390096574057496,2.559985559144368,1782921213.9169388
0.9051810478856052,-2.633781052855655,3.0397271568731656,1782921214.7180054
0.9022500956566256,-2.629208039164036,-2.7658443866422826,1782921215.5169694
0.8984067454695364,-2.626338411963861,-2.311975586917858,1782921216.2671285
0.8934105532899145,-2.6258426981743503,-1.853629639670105,1782921217.0279126
0.8898228094871143,-2.6279965194240154,-1.3751558940703907,1782921217.8267305
0.8883632202555126,-2.6325182176822204,-0.8949628493988344,1782921218.6265104
0.8894580004329897,-2.6369851125873662,-0.4145882355810428,1782921219.4262853
0.8916284209377171,-2.6420566000006596,0.06608932279933961,1782921220.2258904
0.8958887379369733,-2.646143603186954,0.545804055739708,1782921221.0256011
0.9090336659601506,-2.6378147068196953,0.660769102630051,1782921222.5579882
0.9524431717809522,-2.603272532380531,0.665398211554087,1782921224.064055
0.9967108771273783,-2.5690624657774843,0.6563934555978828,1782921225.5680597
1.0640271837920967,-2.517039493170523,0.6582559183661475,1782921227.0721705
1.133490640823404,-2.4632024486662534,0.6596302765627602,1782921228.627988
1.1903733768075524,-2.4199342347975787,0.6494743121136552,1782921230.177183
1.2252416043025818,-2.3930895376197068,0.6575390873723669,1782921231.7081642
1.2281576408614956,-2.3932344016611564,0.9195747141546208,1782921233.2178345
1.2324551176424887,-2.3924637060340395,1.387516518699596,1782921234.4676151
1.2357271508767254,-2.389806540158396,1.8374592928497102,1782921235.4267657
1.2370536727651853,-2.386097416233532,2.2887305206089423,1782921236.2686522
1.2362914100823768,-2.3815464493652407,2.751858605742211,1782921236.9073153
1.2345725237485432,-2.377330858277644,-3.0813185573348276,1782921237.468445
1.2308407592001531,-2.3732455450601315,-2.586410958915376,1782921238.019241
1.2264853362411992,-2.3718383326936805,-2.1188906588778944,1782921238.6243806
1.220869967541028,-2.372605820828817,-1.6307774945904217,1782921239.1683807
1.2176902051891958,-2.3764398151041615,-1.1417317769684412,1782921239.7083623
1.2298704365855426,-2.3958328827151276,-0.9326852501988908,1782921241.2183063
1.2936616095857703,-2.4824509765173652,-0.9342385975362343,1782921242.722406
1.3905912550460156,-2.6135251804288653,-0.9337197566484864,1782921244.2693255
1.4919800405542063,-2.749310808250506,-0.9355017638007006,1782921245.8087783
1.5654327162610784,-2.848421343891272,-0.9315153921888699,1782921247.35939
1.5659945550353895,-2.851070930962887,-0.7171086685833457,1782921248.8683789
1.5658890266090348,-2.854126767406296,-0.4168181098003329,1782921250.371175
1.5678353882932654,-2.857402384102802,-0.03460514960891736,1782921251.9187076
1.5714348116581187,-2.8610601714478183,0.4204475253412308,1782921253.1683846
1.5760473718499295,-2.8633709142515533,0.8842772081654106,1782921254.319417
1.5806987357514066,-2.8631998971977373,1.3443576405599116,1782921255.4698272
1.5849078013187565,-2.860435617349703,1.8115484732173481,1782921256.6297011
1.586312708649258,-2.8577492209055793,2.1420656689386304,1782921258.162758
1.5863970633873268,-2.8529212097499097,2.6042082560631066,1782921259.3156486
1.5852658860187347,-2.8482071028771347,3.0695827291848925,1782921260.469458
1.5822237899631764,-2.8444899002190334,-2.7522742757107936,1782921261.6194675
1.577202473225782,-2.8422183769388307,-2.289858459066606,1782921262.7694843
1.5723998252029625,-2.842001300749049,-1.8270071747850423,1782921263.920581
1.5687551213161044,-2.844774830690971,-1.3656150993752556,1782921265.0704806
1.5672078224076345,-2.8492018926884617,-0.9088943995067554,1782921266.2102215
1.5680828172577466,-2.8527018388090513,-0.6742457786240394,1782921267.7595377
1.5699854767388872,-2.8571167082156483,-0.28340984178026424,1782921269.26652
1.573531755190828,-2.8605024526004255,0.11271617112290043,1782921270.769568
1.5767009652438255,-2.862853938251404,0.3814799919836895,1782921272.32468
1.5770028326601864,-2.8632232394651,0.3807228026484863,1782921273.8607545
1.5773156261736758,-2.863598673583513,0.3800586118290359,1782921275.4303226
1.5775393259534911,-2.863934759266172,0.3791920686738134,1782921276.9606104
1.5777402624281853,-2.864267412244317,0.37864721737361046,1782921278.4706404
1.5779441692246183,-2.8646021106874406,0.3781403723664581,1782921279.9706688
1.5780504340240964,-2.8649037325620266,0.37728413472500616,1782921281.5206876
1.5781240857893784,-2.8652114216692546,0.3765642777595392,1782921283.0277522
1.5741599924264982,-2.8628970347551723,0.014358637242164697,1782921284.5603795
1.5708736645889805,-2.8594208792843627,-0.38333948169542714,1782921286.0728157
1.5696535623771148,-2.854834487130673,-0.7935482113617972,1782921287.620898
1.580764506178647,-2.8676074084356653,-0.8841603913154542,1782921289.1708682
1.5978760282704874,-2.8884408714477545,-0.8650327469050382,1782921290.6718514
1.5982757446280396,-2.8933679805212718,-0.43251142377158036,1782921292.2121167
1.6011392463067977,-2.898009340834412,0.02559165731465116,1782921293.7618184
1.6052039291927034,-2.901620114461837,0.47631118845135983,1782921295.2708118
1.6059618220255432,-2.902353570606114,0.4954017431312962,1782921296.7720485
1.6062677700179484,-2.902925224831044,0.49513129228779956,1782921298.3219209
1.6087921390171551,-2.904352188443718,0.6622778610790283,1782921299.8275125
1.6069205265350859,-2.903638727169619,0.4298710239086463,1782921301.3619568
1.6037561433694305,-2.9014226761224706,0.04569703205585278,1782921302.8721209
1.6026992727435514,-2.8983719858795576,-0.3555826330653412,1782921304.4219198
1.602578310009651,-2.894384289223426,-0.7442734651140441,1782921305.972017
1.6036572590344265,-2.894262312103823,-0.8486685092604093,1782921307.5215075
1.6432711440386496,-2.9400406307002114,-0.8519654664422747,1782921309.0618138
1.7051362304812354,-3.0106445849397425,-0.8508309726314593,1782921310.5633318
1.769713295376773,-3.08426108733478,-0.8498581738783871,1782921312.070294
1.8103057028886094,-3.1302758052621447,-0.8510272178066512,1782921313.5730298
1.8102463808220182,-3.13046003666446,-0.8507842552898005,1782921315.1224806
1.8101930182460042,-3.130601390552998,-0.8508712921695498,1782921316.662528
1.8101373850331264,-3.1307546962413917,-0.8508703271538821,1782921318.1630287
1.8100817728687293,-3.1309070019322864,-0.850868360443742,1782921319.6730456
1.8100307278056016,-3.1310344050074543,-0.8510613948199522,1782921321.2230985
1.8099835302809653,-3.131124886713502,-0.8515284360238937,1782921322.7731223
1.8099339014231588,-3.1312343180481528,-0.8518584813613428,1782921324.3240583
1.8098816984191648,-3.1313686968774683,-0.8519875269386465,1782921325.872507
1.8098285657868076,-3.131500053412794,-0.8521475739148092,1782921327.413266
1.809780039447631,-3.1316055103695954,-0.8525016252622778,1782921328.9631135
1.8097266036173674,-3.131749863369125,-0.8525666754066281,1782921330.4701786
1.8096710734905714,-3.1318981681452143,-0.8526017246649729,1782921331.9730573
1.8096225579164165,-3.132003626664629,-0.8529577782898978,1782921333.5136447
1.8095738795576881,-3.1321160837282584,-0.853268834880119,1782921335.063276
1.8095207276329912,-3.1322484400877397,-0.8534198926698108,1782921336.613242
1.80947100724069,-3.132362873598344,-0.8537129535812281,1782921338.1134477
1.8094201210857983,-3.1324842813722666,-0.8539510167732021,1782921339.623284
1.809369188372414,-3.1326076888232626,-0.8541670818455764,1782921341.15407
1.8093195973717375,-3.1327171249831864,-0.8544931510345024,1782921342.661494
1.8092723019897745,-3.1328146139699253,-0.8549102256166113,1782921344.163256
1.8092190558704015,-3.132950969221584,-0.8550263005996657,1782921345.6693313
1.8091681050399755,-3.1330753774016293,-0.855243377260245,1782921347.173515
1.809112488737394,-3.1332266785721274,-0.8552544524470967,1782921348.7148068
1.8090639132004742,-3.133336141615104,-0.8555815311825937,1782921350.263431
1.8090108427235174,-3.133465499071058,-0.8557556117129372,1782921351.7644105
1.8089621982622655,-3.1335779622014095,-0.8560626951899238,1782921353.274416
1.8089151355642716,-3.133667458319963,-0.8565367856339873,1782921354.824607
1.8088630424188652,-3.1337978408248435,-0.8567138771125852,1782921356.3255172
1.8088085189355922,-3.133945167168853,-0.8567499673583541,1782921357.8625767
1.8087552237584226,-3.134083521820805,-0.8568580576039173,1782921359.3644042
1.808703133223573,-3.134213904720682,-0.8570281488819002,1782921360.8704922
1.8086498380475988,-3.1343522593735806,-0.8571312401594973,1782921362.3744965
1.808595465688112,-3.134493587186001,-0.8572233313990519,1782921363.9241998
1.8085421705135751,-3.1346319418400834,-0.8573324226383552,1782921365.4648511
1.8084961240612332,-3.1347224691382585,-0.8578005200618689,1782921367.0145175
1.8084439332121232,-3.1348568513299098,-0.8579386177212265,1782921368.5156732
1.8083884285260086,-3.1350031506729303,-0.8579837149101227,1782921370.0245583
1.8083327382816048,-3.1351564473387605,-0.8579718102398384,1782921371.5551872
1.808280548735609,-3.135290829894628,-0.8581139058054282,1782921373.063596
1.8082295986950576,-3.1354162423601077,-0.8583220028334395,1782921374.5656383
1.8081764905103224,-3.13554759951791,-0.8584851012511636,1782921376.071654
1.808123195344034,-3.135685954178971,-0.8585961996705187,1782921377.625769
1.8080722226129784,-3.1358123670530946,-0.8587922993520918,1782921379.175782
1.808016522595438,-3.135965662153966,-0.8587893971813134,1782921380.7256198
1.807963227433032,-3.1361040168182326,-0.8588984950122539,1782921382.2660923
1.8079099322719678,-3.136242371483575,-0.8590075928447828,1782921383.7677453
1.8078604296077865,-3.136351819109701,-0.859330694742273,1782921385.2767766
1.807810710296859,-3.136469264130679,-0.8595987991194571,1782921386.8067992
1.80775760822996,-3.136600621462756,-0.859761904882252,1782921388.3151443
1.807706810787789,-3.1367210384225066,-0.8600020130871525,1782921389.8168406
1.807655904094364,-3.1368454541095345,-0.8602111229418031,1782921391.3667867
1.8076038039322326,-3.1369768394193724,-0.8603752336205602,1782921392.877964
1.8075553758474228,-3.137084318345766,-0.8607173481873105,1782921394.421943
1.8075058390099958,-3.1371957680915794,-0.8610284664089359,1782921395.9264212
1.8074524873833069,-3.1373361219671323,-0.8611245842346927,1782921397.4668145
1.8073991638874334,-3.137475476238872,-0.8612257018621056,1782921398.9670138
1.8073485224383015,-3.1375908971410964,-0.8615088229091323,1782921400.4762125
1.807293856343364,-3.1377422179442704,-0.8615139419501692,1782921402.0265105
1.8072429331512807,-3.1378676353145023,-0.8617260624362876,1782921403.5278132
1.8071959600037246,-3.137960152969431,-0.8621761891954836,1782921405.0651057
1.8071449818507677,-3.13808757002267,-0.8623613170048263,1782921406.5679848
1.8070893105209533,-3.1382388612239875,-0.8623714433726222,1782921408.0783532
1.8070373934034425,-3.138364250519108,-0.8625765717435001,1782921409.627288
1.8069851562771513,-3.13850063526727,-0.8626986999509735,1782921411.1583965
1.8069318611378828,-3.138638989940586,-0.8628078281609491,1782921412.6677256
1.8068773014856687,-3.138786311274156,-0.8628499551619137,1782921414.2173653
1.8068265077848757,-3.1389077324643924,-0.8630820843911748,1782921415.7181263
1.8070292543314217,-3.135946317038698,-1.1202167327354868,1782921417.2781749
1.8094904029253804,-3.139601075658124,-1.4401872399159852,1782921418.827001
1.8100920044398505,-3.139484880965675,-1.533683438933623,1782921420.3582897
1.814529857760836,-3.137650997934002,-1.9804985729100937,1782921421.8682792
1.819990824463917,-3.1379633336212795,-2.4391436181025927,1782921423.4183123
1.8247831610949288,-3.1405720942901527,-2.8843924549897952,1782921424.9183586
1.8284688871624803,-3.145157732226003,2.9492817254406885,1782921426.428275
1.830396451292993,-3.1500374594352643,2.4991130128867605,1782921427.9583423
1.8278637418895771,-3.1498891176360937,2.217163867061927,1782921429.468299
1.76621770660536,-3.0677920599766844,2.2170301036795275,1782921430.9696076
1.616178784321845,-2.8678477254124424,2.2175096817243176,1782921432.4097476
1.4647214153301367,-2.6645793143792957,2.216112107574203,1782921433.6595109
1.4362127915454437,-2.627454101098984,2.159695841849685,1782921435.208663
1.436608653450184,-2.626555033628271,2.3747053747830558,1782921436.7156148
1.435400393308293,-2.6219053492630504,2.8430335108657463,1782921437.3184228
1.4328223674504705,-2.616507528840223,-2.9629439653110787,1782921437.914457
1.4197145147140107,-2.6194790538403327,-2.625737168263008,1782921439.4195518
1.287431979004938,-2.6947896101809112,-2.623854815230089,1782921440.9225042
1.0662350704097976,-2.819366760816652,-2.625667344963921,1782921442.3195453
0.9381016059653935,-2.8917132216473562,-2.624244594719089,1782921443.8195715
0.935569940494334,-2.891566578458926,-2.4318207107885206,1782921445.3705096
0.9312401187948258,-2.890533193563054,-1.9733276449439192,1782921446.6195383
0.9266424396922696,-2.8920716087553537,-1.5028969243415504,1782921447.419382
0.9272888086175773,-2.90095194797286,-1.0881756779247698,1782921448.919454
0.9663478775943727,-2.973948030627354,-1.0839930016061952,1782921450.4278526
1.0253229866741682,-3.0864458137798616,-1.0864464399965494,1782921451.9596443
1.0817785983078274,-3.194341957337741,-1.0876910708696124,1782921453.4696145
1.0813613871594658,-3.196866219721257,-0.7312915379179477,1782921454.969628
1.082797024943801,-3.201913034645541,-0.26605178441808314,1782921456.124074
1.085431308584982,-3.205965759029359,0.1976007714472978,1782921457.2808454
1.0891924472251204,-3.209257062481351,0.6519018497037914,1782921458.4111097
1.0939925671655832,-3.2103201841906497,1.115325800630757,1782921459.5607116
1.0979679060328382,-3.2081382858310534,1.5818703911873966,1782921460.7206583
1.1007965500818682,-3.204421199775889,2.0429150330074375,1782921461.87072
1.1007819869453146,-3.1998212964654957,2.5050034602069005,1782921463.021113
1.0987404222600603,-3.194350038091973,2.9704553150429187,1782921464.1707685
1.0955170955792168,-3.1896809563863555,-2.852996224960583,1782921465.4687474
1.0908092867699173,-3.1867913708210702,-2.3907600491908303,1782921466.620763
1.0858938171506962,-3.185939660662331,-1.9305438526571579,1782921467.770836
1.081669936430096,-3.1877851501087124,-1.4668493699421272,1782921468.9208508
1.0795156408568765,-3.1912677168019514,-1.0086246415543338,1782921470.060556
1.0947533464489194,-3.213597058154317,-0.9625538298842545,1782921471.5648751
1.1286255558390095,-3.2632161123542804,-0.9671584099988478,1782921473.0708258
1.1803802199902034,-3.337791040515447,-0.9665469781079458,1782921474.5718615
1.230929169432919,-3.411263787241543,-0.9656379714202075,1782921476.1230185
1.2521561526052827,-3.439478671713159,-1.1015347056280398,1782921477.6310763
1.254712214178241,-3.4360303034893285,-1.5518673468976627,1782921478.7208433
1.2592643046061698,-3.434437750705371,-2.0219584623882887,1782921479.6613145
1.2638786292947801,-3.435189564246021,-2.4794583391423717,1782921480.572116
1.223710921029615,-3.4655230416545133,-2.500469934087877,1782921482.1122746
1.117394269327403,-3.544851841769968,-2.4982754366347724,1782921483.631297
1.1152029698196015,-3.544309430562739,-2.3100290219325106,1782921485.1620684
1.1108224329193959,-3.5426577718365353,-1.8445810617254792,1782921486.175975
1.1073147998387751,-3.5450862059515744,-1.3821651028241022,1782921487.2114055
1.10558028915777,-3.5485744762409133,-0.9176621851372871,1782921488.3630564
1.1053092158909608,-3.553125451121562,-0.4487162146722018,1782921489.5220163
1.1068676040642142,-3.5577747619566114,0.014240064369308627,1782921490.6722312
1.1106460153542594,-3.5615037201243664,0.4739173048048173,1782921491.8220508
1.114987717796439,-3.5629696452038053,0.9370070012741304,1782921492.9730368
1.119599286824242,-3.5628905062145453,1.3960767560083789,1782921494.2240582
1.1220627823519573,-3.5600901174878112,1.8565742426114296,1782921495.3720863
1.122150826575734,-3.555997830885769,2.32292435375397,1782921496.523131
1.1194293788436136,-3.552763001680636,2.782105315365255,1782921497.6624715
1.1169138643741314,-3.5489986181474027,-3.0378496898971266,1782921498.8131032
1.1129889395636725,-3.545176334951052,-2.5746098077955613,1782921499.963115
1.114052438822745,-3.5456937514279265,-2.7134500772750494,1782921501.4731505
1.1143138798862948,-3.545972498113728,-2.7474649019551363,1782921503.0231743
1.1139310937974902,-3.545985554545985,-2.7473857213579813,1782921504.5722136
1.113535494637079,-3.545992221457925,-2.7471995459479834,1782921506.122378
1.1131911225928346,-3.5460254360836196,-2.747445332325904,1782921507.722762
1.1128201535075153,-3.54604484497053,-2.747472103059373,1782921509.2660146
1.1124393385921798,-3.5460589565976157,-2.7474078667936275,1782921510.8122883
1.1120367998686607,-3.5460634207284416,-2.7471666394228107,1782921512.319631
1.1116648939609886,-3.5460807934202587,-2.747174399619408,1782921513.8223634
1.111263353342302,-3.54608529034237,-2.7469451686213673,1782921515.373383
1.1108598711386548,-3.546087731438108,-2.746692949710157,1782921516.9280555
1.110479059125847,-3.5461018370364417,-2.7466297238110573,1782921518.463226
1.0905865954403904,-3.5548611945624877,-2.744349627560096,1782921519.963312
0.9539228546195357,-3.6130354792160704,-2.7473512335196517,1782921521.4733646
0.7607781695483429,-3.696189127392717,-2.7451713333631096,1782921523.073389
0.6726326246619122,-3.733873052605433,-2.745167417575641,1782921524.5743887
0.6699859767694721,-3.7327777920000704,-2.531246521946875,1782921526.124077
0.67268569984369,-3.7344963709556818,-2.8433204055794863,1782921527.664127
0.6756475057620972,-3.7379697192242833,2.9748584815585324,1782921529.0236237
0.6774417077911332,-3.742107641636964,2.515493787306443,1782921530.174885
0.6781981938254377,-3.746056340667185,2.0619399386534383,1782921531.308471
0.6760431605560918,-3.750010075798943,1.5802578902311841,1782921532.8135548
0.6720511445663495,-3.7513818330094653,1.1176350677205258,1782921533.9654794
0.6677266806231374,-3.7501269875542884,0.6450509113718265,1782921534.864988
0.6636145525261173,-3.746619456489092,0.1670109490399848,1782921535.664299
0.6604670257998444,-3.741973747164384,-0.2837120441501802,1782921536.415613
0.6588595930644943,-3.7378083325907085,-0.7570789422513939,1782921537.3243835
0.6591528411403077,-3.7339904029456217,-1.2091576416011274,1782921538.224926
0.6617247384818521,-3.731055300926652,-1.6594089195132609,1782921539.124553
0.6660967338647289,-3.730019563285318,-2.1158673463325126,1782921539.923593
0.6709212935290811,-3.7323479938138973,-2.574595204697382,1782921540.5747886
0.6744099102074719,-3.735384327427757,-3.025115366482777,1782921541.2147396
0.6776498624389355,-3.7392480464400935,2.795109339009647,1782921541.8725564
0.6686192156555839,-3.735124598952082,2.5118730300454697,1782921543.374505
0.5487478582383404,-3.6486731489349435,2.509282560271013,1782921544.9143438
0.5069681252723959,-3.6183328924134095,2.6339710196425283,1782921546.4196043
0.5078185600406303,-3.619689163469845,2.4150197788679746,1782921547.9207704
0.49983325130749773,-3.6112623044401873,2.302592631905927,1782921549.425736
0.4415025775924746,-3.5471408808178033,2.302202019239905,1782921550.9653487
0.36731078111592064,-3.465051982205747,2.304041895148785,1782921552.4657023
0.29365874261667313,-3.383382002175629,2.3023613566710583,1782921553.9657035
0.23453586269268015,-3.3175228938346626,2.3032229730477556,1782921555.473774
0.2333827416118113,-3.3154648996062153,2.5326781366074567,1782921556.9759903
0.23034066383537338,-3.3115858202324113,2.9422584328119936,1782921558.5167832
0.2281631762398663,-3.3080176359213147,-2.9451740589219395,1782921560.065883
0.22525592562353414,-3.3052508755374554,-2.5898141810610977,1782921561.5702348
0.19503445644311307,-3.324313263770667,-2.5878809827264537,1782921563.0708947
-0.02018802372693216,-3.4575541334987356,-2.5871970113944087,1782921564.567067
-0.2412628717048436,-3.59430264399257,-2.5888317682960285,1782921565.8257484
-0.2790939354066288,-3.6158551029045305,-2.4621118126081947,1782921567.3666222
-0.2756728112000961,-3.619622708504863,-2.9155375624901203,1782921568.4669468
-0.2728657592887865,-3.6245283179731245,2.9036247679338705,1782921569.1258569
-0.2714618898364157,-3.6296352160333756,2.4358861987681473,1782921569.8759172
-0.2715072747885065,-3.6347407787806314,1.9570397066176382,1782921570.6748765
-0.27448610993779954,-3.6378931913263632,1.5026278324070892,1782921571.4269528
-0.2795443880893436,-3.6386786232987394,1.022356043324984,1782921572.2251866
-0.28467879898491705,-3.6368677355150156,0.5414537901076251,1782921573.0265727
-0.28883416112600324,-3.6324594509639008,0.06096054007045851,1782921573.8269007
-0.2916324765139593,-3.6279197040716005,-0.42111771289576627,1782921574.6269772
-0.2924215344205949,-3.6226129192425507,-0.9046960986629955,1782921575.4270828
-0.2906607416248538,-3.61797170986254,-1.3830884360701163,1782921576.2263217
-0.2863044399735423,-3.6153787832347315,-1.865141251342983,1782921577.026457
-0.2807590357821048,-3.6158777382227285,-2.3333228728579716,1782921577.8103306
-0.29370292168115303,-3.6293466569017716,-2.3421918576393765,1782921579.3169274
-0.3472947179474352,-3.6824180164603555,-2.3427694942221646,1782921580.8169663
-0.4376862421828502,-3.7728437429863813,-2.3392814843186027,1782921582.3279972
-0.5256012088554108,-3.8697649129307954,-2.147027417303531,1782921583.8769996
-0.5441575773451113,-3.8966657365849064,-1.793732967708301,1782921585.430059
-0.5483563295998436,-3.898770544983687,-1.319622140770979,1782921586.2277472
-0.5500436787762848,-3.9031862364795473,-0.8356934086331045,1782921586.768015
-0.5491868098968309,-3.908674896384505,-0.3851705042253988,1782921587.266189
-0.5466765625686972,-3.9143063365310278,0.1201556289626616,1782921587.8272045
-0.5417423078201898,-3.9195290327324095,0.6087629433048176,1782921588.3680415
-0.5312474186994558,-3.9118432643326306,0.9156548026226256,1782921589.8780582
-0.4764177211772876,-3.8419946216253225,0.9163857919470975,1782921591.4280076
-0.41008993490030043,-3.7702661726054827,0.7762946978388816,1782921592.964012
-0.33588557643504047,-3.706880749434287,0.6987894070495793,1782921594.468151
-0.2290901338979,-3.617476270561196,0.6993469469529497,1782921596.0181248
-0.1088382757720238,-3.5171529638255317,0.6986662272855455,1782921597.5281217
0.014230062873339482,-3.4148123719960077,0.7008188671343618,1782921599.077303
0.13582613921605474,-3.3133239874379177,0.6991660229131185,1782921600.6088974
0.2553490702355386,-3.214514317335321,0.6975862270124001,1782921602.115208
0.26949604799545124,-3.1993423236881404,0.49163958969283644,1782921603.6171944
0.26637559407005995,-3.196358808834416,0.10279898143595577,1782921605.1233776
0.26429726394543396,-3.1929422889523407,-0.28254301439483465,1782921606.6272523
0.2631145411702763,-3.1889103910460936,-0.6760601118191831,1782921608.1647694
0.26290328085923326,-3.1871622696367647,-0.8481068053314276,1782921609.6690934
0.2933039264578119,-3.2220012821039257,-0.850237700205124,1782921611.2182484
0.3255565361590737,-3.258188796114202,-0.850729096223957,1782921612.728357
0.40111362699482034,-3.342775205054321,-0.8508336202173188,1782921614.2788365
0.475528747604725,-3.4270037579698434,-0.8517061155676501,1782921615.8095434
0.5486398324261212,-3.510533302650042,-0.8536313301512799,1782921617.3162837
0.6208062447433096,-3.593642929770951,-0.8550103364634409,1782921618.8183355
0.6935092769625055,-3.677482166637983,-0.8569109033888999,1782921620.3244402
0.7679845112685131,-3.763195817132893,-0.8563743172369177,1782921621.8784268
0.8432043477544934,-3.8490776038383157,-0.8590615579489144,1782921623.425134
0.8737003664909383,-3.8848119391190963,-0.860273452549119,1782921624.9692004
0.8737651590995666,-3.884830301708762,-0.8603383463638691,1782921626.469593
0.8738279024283732,-3.8848626571508587,-0.8602962431935899,1782921628.0204043
0.8738977953485241,-3.884853037791304,-0.860574131550166,1782921629.5294192
0.8739677004834289,-3.8848404186756826,-0.8608730106552781,1782921631.0604508
0.8950619337722392,-3.909899959033761,-0.8608585808883308,1782921632.567581
0.8998447315597979,-3.915315865280545,-0.8602711458392731,1782921634.0694735
0.8999146565626487,-3.9152992469210743,-0.8606027005029095,1782921635.5694847
0.8999824996493029,-3.9153046210374933,-0.8607762507573282,1782921637.079526
0.9000483126694325,-3.915317987527585,-0.8608847988485593,1782921638.6135178
0.9001141182683647,-3.9153333540535393,-0.8609743452971275,1782921640.1194654
0.9001789004223001,-3.9153547166249325,-0.8610238917458811,1782921641.619904
0.9002478107963032,-3.915344095484933,-0.8613184295557448,1782921643.1305482
0.9003125726630536,-3.9153704580153215,-0.86132396866615,1782921644.6608684
0.9003804451444608,-3.9153698330933624,-0.8615455018192417,1782921646.1696727
0.9004452272978253,-3.9153911956650833,-0.8615940349775342,1782921647.6705854
0.9005100094508085,-3.9154125582368993,-0.8616425681415253,1782921649.1705866
0.9005747916033184,-3.9154339208088147,-0.8616921013113327,1782921650.7262394
0.9006395737552664,-3.9154552833808354,-0.8617416344866948,1782921652.2809231
0.9007023210885653,-3.915484637167875,-0.8617251699116301,1782921653.8269916
0.9007691604737693,-3.9154930086745154,-0.8618757017984526,1782921655.3717277
0.9008339426235491,-3.9155143712468927,-0.8619252336881759,1782921656.920625
0.9008966572444691,-3.9155507246608763,-0.8618647696407477,1782921658.421274
0.9009665941342826,-3.915538110349678,-0.8621732963487564,1782921659.9306824
0.9010334452943379,-3.915544482285917,-0.8623438189944702,1782921661.4630997
0.9011013111403521,-3.915547859009073,-0.8625283367138745,1782921662.9688897
0.9011661120906359,-3.915565221626461,-0.8625928533920426,1782921664.471773
0.9012308847329302,-3.9155885841772777,-0.8626293705854337,1782921665.9717748
0.9012956572751486,-3.915611946727842,-0.8626698882936267,1782921667.5324764
0.9013594103295843,-3.915639304381254,-0.8626714076388524,1782921669.06136
0.9014273100197728,-3.915636681941568,-0.8629009204982448,1782921670.5729396
0.9014920921596807,-3.9156580445159395,-0.8629504333538335,1782921672.1218038
0.9015640941413691,-3.91563544262914,-0.8633329341968966,1782921673.622897
0.9016268308737495,-3.915665794993607,-0.8633124375419581,1782921675.131881
0.9016926639722278,-3.9156771627962166,-0.8634349382059694,1782921676.6632128
0.9017594924045728,-3.915689535784857,-0.8635604363654089,1782921678.1699882
0.9018273784282935,-3.9156909142200584,-0.8637599290819861,1782921679.671895
0.9018952759323539,-3.915690292836763,-0.8639794158375718,1782921681.1729126
0.9019621427655642,-3.9156956662284887,-0.864145898274653,1782921682.7122216
0.9020248340659586,-3.9157340178728677,-0.8640673852965322,1782921684.2170763
0.9020917186641249,-3.9157363915153125,-0.8642568672227251,1782921685.722968
0.9021606422790305,-3.9157317762535406,-0.8645063420685671,1782921687.223009
0.9022254079334086,-3.9157561387861843,-0.8645268176987353,1782921688.732784
0.9022901900678273,-3.9157775013643783,-0.864573293334637,1782921690.263501
0.9023529386801311,-3.915804852664483,-0.8645757707018419,1782921691.7711928
0.9024187602913062,-3.9158192209963114,-0.8646782461732134,1782921693.274027
0.9024804172684298,-3.915862566145254,-0.8645637276127985,1782921694.8231711
0.9025451707006759,-3.9158889286419036,-0.8645802103545244,1782921696.3730855
0.9026099875779823,-3.9159042913216378,-0.8646726915415841,1782921697.912189
0.9026758047356832,-3.9159196598428267,-0.8647661710888018,1782921699.4181075
0.9027395456664679,-3.915948016411549,-0.8647696525378002,1782921700.9231176
0.9028043278044964,-3.9159693789907686,-0.8648191339858148,1782921702.4234164
0.9028815767996737,-3.9159128148255333,-0.865459594173042,1782921703.9732935
0.9029442804871729,-3.915947165092483,-0.8654090578995188,1782921705.5136154
0.903010117391735,-3.9159595339250557,-0.8655265192002624,1782921707.0649235
0.903073819776798,-3.9159938901223836,-0.8654809839542338,1782921708.5712624
0.9031344535316777,-3.916039227497697,-0.865347455268509,1782921710.0732412
0.9032033914807753,-3.916035615503311,-0.8655859197490039,1782921711.5735717
0.9032723620900162,-3.916027003812881,-0.8658613760974551,1782921713.1137347
0.9033381758838342,-3.9160433728246464,-0.8659528310573215,1782921714.617275
0.9033988112806677,-3.9160877093974813,-0.8658292923191654,1782921716.1233308
0.9034635934232492,-3.9161090719736156,-0.8658787535766256,1782921717.624264
0.9035283755658677,-3.9161304345492054,-0.8659282148311456,1782921719.174497
0.9035900205968882,-3.916172777079685,-0.8658056817888882,1782921720.7345514
0.9036600000800016,-3.916164173212052,-0.8660791405376304,1782921722.2660697
0.9037248153775685,-3.9161805358957875,-0.866162597989743,1782921723.7729256
0.903791677641251,-3.9161899120978436,-0.8663000521612672,1782921725.2743337
0.9038574799498724,-3.9162082814683274,-0.8663715054742239,1782921726.8246927
0.9039233502004947,-3.9162166511184346,-0.8665219553322883,1782921728.3644016
0.9039849548590582,-3.916263992596748,-0.8663754121989475,1782921729.8684993
0.9040476613837971,-3.9162963411504528,-0.8663418720947947,1782921731.3744223
0.9041124435223974,-3.9163177037204746,-0.86639133199511,1782921732.874432
0.9041813999947073,-3.9163140948075346,-0.866627785071421,1782921734.3759332
0.9042483015366461,-3.9163184718495225,-0.8668062335674601,1782921735.9148283
0.9043130482918675,-3.916344834292628,-0.8668126833629439,1782921737.416484
0.9043809942402703,-3.9163432188211726,-0.8670431269330722,1782921738.9234743
0.9044489413239396,-3.9163416035056824,-0.8672715642762577,1782921740.425707
0.9045199906074817,-3.9163260103850925,-0.867593991503969,1782921741.965698
0.9047770701041489,-3.913282690631265,-1.232649608148367,1782921743.5155354
0.9062063000910764,-3.91092406417398,-1.4725400135005833,1782921745.019538
0.9060438972264213,-3.911377860850451,-1.4807136189976808,1782921746.5254858
0.9076522957685422,-3.9096745321113557,-1.6369591274152246,1782921748.0259032
0.9076462520361077,-3.9098155565324983,-1.6361199183225044,1782921749.56529
0.9060972047110392,-3.927374312786489,-1.6410341497810637,1782921751.0666058
0.9025330009666268,-3.9687066728561815,-1.6394105661381322,1782921752.5745316
0.8989897585608009,-4.006058742922568,-1.6324469471811767,1782921754.076624
0.896382754614169,-4.047412293325865,-1.628874292227922,1782921755.625969
0.8985984695291052,-4.0457766845097325,-1.8542084112035244,1782921757.1664877
0.903156140146368,-4.045121124598487,-2.237917172043541,1782921758.6666546
0.9046008495123354,-4.0455499963251365,-2.3084283965030825,1782921760.1726696
0.9034060109661018,-4.045219647505501,-2.209429247482687,1782921761.6767416
0.906207538177912,-4.045677427660362,-2.4054068447247734,1782921763.2271242
0.8823844709669346,-4.066307283230418,-2.412341564055135,1782921764.777139
0.8505824855510198,-4.0948660563138795,-2.405871823034484,1782921766.316673
0.8228069162500827,-4.119431886148362,-2.4061580829187545,1782921767.817715
0.7920337403615699,-4.146954065834656,-2.401933823213994,1782921769.324764
0.7614783369554743,-4.174330691116189,-2.3998193385288658,1782921770.8271768
0.7330939050226544,-4.199944311529356,-2.399044753306788,1782921772.3672824
0.7364140529530316,-4.199720508611333,-2.623872412032346,1782921773.9164302
0.7414570774859672,-4.202087207608161,-3.021386121192485,1782921775.416798
0.745851007842767,-4.204893504103388,2.8615972473250455,1782921776.927896
0.749003282481813,-4.208204337095255,2.4514173172088856,1782921778.477945
0.750473297056356,-4.2113837156568765,2.1587617599512057,1782921780.0282173
0.749953506594103,-4.215180664072545,1.7489218054009525,1782921781.5673823
0.747692514645771,-4.21843078603528,1.3529159866369935,1782921783.069888
0.7444408699814662,-4.219436449444174,0.9622335108328112,1782921784.575934
0.741003015743713,-4.217038641512843,0.5513208305396428,1782921786.077906
0.7380373560888701,-4.212764462810914,0.15852708433967128,1782921787.6272564
0.7367603101279863,-4.20800746756511,-0.30228145493831654,1782921788.8191836
0.7351764778886916,-4.20297876212809,-0.7618576384095019,1782921789.967454
0.7355417403490949,-4.1983147997697845,-1.2215806019325932,1782921791.1649833
0.7379179473260093,-4.194796639841019,-1.6341024004262976,1782921792.6680975
0.7409263413165063,-4.192366880494607,-1.8290406292712875,1782921794.1789966
0.7463247990806008,-4.1908722970880525,-2.2315344936152592,1782921795.679073
0.7501266571639144,-4.190603741408149,-2.425137663004925,1782921797.2181935
0.7235414964682463,-4.212729403386256,-2.4281795975966913,1782921798.7210634
0.6906055244439144,-4.2410351834153674,-2.4234774107996087,1782921800.2682912
0.6586100999015431,-4.26898127528377,-2.4213193025423285,1782921801.7760582
0.6271942711588923,-4.296890027134081,-2.4172126644494427,1782921803.2791116
0.595225601002007,-4.325193234352437,-2.4114276455694768,1782921804.8187034
0.5635860904954585,-4.353466785352424,-2.4079312022143315,1782921806.364617
0.5325278277626949,-4.381408542761749,-2.403238184881092,1782921807.8690877
0.5009208500901933,-4.410250124393184,-2.402096470805505,1782921809.3801248
0.46287798551267995,-4.449513610254409,-2.2958065044038607,1782921810.9281907
0.43443390142640165,-4.480996360628451,-2.2908841024313977,1782921812.4787912
0.4165633057161235,-4.500837931803848,-2.2946061234251873,1782921814.0180786
0.38900400918380873,-4.531619124595866,-2.2902072971864644,1782921815.5193405
0.360508003692374,-4.564419412753858,-2.280412985535859,1782921817.06919
0.32655965119298047,-4.609700403317229,-2.1396145978928374,1782921818.5741882
0.3039552967428483,-4.643478218550071,-2.1405170887451272,1782921820.079385
0.28130799564374503,-4.678789491309506,-2.1392928553184847,1782921821.6156268
0.2783183455982322,-4.679120875054263,-1.8963032069337291,1782921823.1193027
0.27538728274254576,-4.687730353515451,-1.672890179571288,1782921824.6692588
0.272465105587978,-4.718825157148842,-1.5783592479792785,1782921826.1792765
0.2739273008030754,-4.754401263894234,-1.504440801040439,1782921827.7297604
0.2770087005473828,-4.774054836747056,-1.1844692846366256,1782921829.2610853
0.2916153033787708,-4.8032403970572135,-1.0278148423878066,1782921830.7676673
0.3090219280734653,-4.832330912544816,-1.0976101220533976,1782921832.270341
0.3242630836818847,-4.865847203423896,-1.148057747787158,1782921833.7755125
0.34178373681117596,-4.903731827058025,-1.1466409810891938,1782921835.3303418
0.35562106318063313,-4.933994799987363,-1.1483452005687307,1782921836.8638632
0.3575987366867448,-4.93042779177331,-1.4530581192828353,1782921838.370614
0.3613278963284589,-4.927141782977527,-1.794512467170972,1782921839.9205265
0.3664155079395978,-4.9252036595648745,-2.190926592102411,1782921841.4205308
0.3722094638022056,-4.926623582360381,-2.587327600600502,1782921842.9311492
0.3747385149964185,-4.927764380633649,-2.7232845955426774,1782921844.4321597
0.3695258065014244,-4.926990043740572,-2.326277403297549,1782921845.9686463
0.36423082053166395,-4.930273073351476,-1.95385728895433,1782921847.4714663
0.3565961674277373,-4.9517504308031395,-1.7591824022059661,1782921848.9764822
0.3529399762157947,-4.975498097002294,-1.5561718152078354,1782921850.5304818
0.35521419611637634,-5.0073115802788495,-1.4438700433902805,1782921852.03506
0.35953890017051415,-5.041358631049395,-1.3572485179843006,1782921853.5714636
0.3660812178058121,-5.066486043256855,-1.1873988737976167,1782921855.0726347
0.38173185126370773,-5.104810580682659,-1.1833135805273782,1782921856.5816536
0.39489594070131384,-5.137049952565656,-1.1817602400633493,1782921858.1312325
0.4104187402835154,-5.175381865751678,-1.179165729271916,1782921859.6324675
0.42650271045164795,-5.214419252239881,-1.176147650994604,1782921861.1698074
0.44225146416445954,-5.252098186140394,-1.1753530642798247,1782921862.6715956
0.45492380411137506,-5.2832347103656545,-1.168642559334057,1782921864.1776023
0.4548608294212417,-5.285237194756242,-1.072691163524681,1782921865.731843
0.45523136648643076,-5.290413615995329,-0.6635113001956117,1782921867.2657528
0.45664470340491187,-5.294235525500755,-0.3415684210448947,1782921868.7718046
0.45977817939441273,-5.298351381735658,0.06929958132089874,1782921870.321358
0.4639599882714954,-5.301878349638179,0.4686411401052121,1782921871.8228528
0.46787933114915353,-5.302835600159705,0.7733014331912137,1782921873.332826
0.48699945623702673,-5.284503269320288,0.778814008664579,1782921874.8626802
0.5178606699745772,-5.255750553886835,0.7777822750737822,1782921876.3697507
0.5249937794972159,-5.249943410638771,0.8475107612830938,1782921877.8727334
0.5294509666750739,-5.249485860369682,1.247611936876106,1782921879.3791304
0.5332019707214044,-5.247369917541497,1.6452602423439529,1782921880.8825374
0.535317961209104,-5.243753933454257,2.0537159201306276,1782921882.4190423
0.5343642251470648,-5.240947969588155,2.1467959541380788,1782921883.9227722
0.5113029559217415,-5.205665790856269,2.1507269884727602,1782921885.4727736
0.49281384185118954,-5.177089008471299,2.146709442046129,1782921886.984048
0.47252498349702465,-5.14542360819962,2.146185664161935,1782921888.5134616
0.456662491755115,-5.120562692047753,2.147125871022605,1782921890.0219493
0.4199161384488582,-5.0645812149534555,2.149446976105522,1782921891.523896
0.3816173737831217,-5.006642791448476,2.2013744158717916,1782921893.0241697
0.3455016401796428,-4.9452793946736815,1.9893476091079414,1782921894.5789063
0.3292462044389469,-4.876252980987038,1.7260360173753713,1782921896.1133208
0.3310464457679098,-4.808169857340647,1.4690341353546694,1782921897.6198895
0.3475532031515665,-4.742173506517042,1.2850490247357542,1782921899.1238966
0.36934488359031037,-4.676828203028372,1.2312751956817016,1782921900.6239965
0.39961200199097413,-4.613677696273333,1.076292861260725,1782921902.183293
0.4066543416739288,-4.602131626876009,1.0487836539024915,1782921903.713707
0.42658745305966905,-4.5689874409109335,1.0460560328210096,1782921905.222212
0.4500798414132708,-4.528656001694189,1.0507718693621275,1782921906.7239256
0.4815058052974044,-4.4819235226622025,0.9844445937437706,1782921908.2249577
0.5121675039126461,-4.437271373043294,0.9813751565124478,1782921909.7332122
0.567048563376508,-4.357981003386523,0.9806688359851848,1782921911.2649944
0.6253391597710509,-4.2788964023437375,0.843439723977692,1782921912.7709863
0.6990816255943578,-4.219150352677625,0.5454612718776967,1782921914.2750258
0.7899042107759454,-4.181125285694809,0.23543970587330149,1782921915.8242176
0.8870471999729743,-4.173639251335649,-0.12037515948567712,1782921917.3851025
0.9676018030776141,-4.1998622366046465,-0.4626085337352232,1782921918.9158268
1.018902741968309,-4.230203772657067,-0.5702565535443772,1782921920.4231808
1.0488468171048002,-4.249178866274608,-0.5701868128503457,1782921921.9243565
1.0758431772342878,-4.265875308046219,-0.567986330178864,1782921923.4258633
1.0965475001702287,-4.27867392472319,-0.39949318196845685,1782921924.9809003
1.1180403923147655,-4.287427045002605,-0.20304814651254502,1782921926.5148914
1.1355633052977505,-4.292298884933408,0.22142556150044715,1782921928.0221486
1.1551923329331193,-4.286408077552114,0.5070305689156217,1782921929.5251422
1.1883668477931408,-4.266016508819746,0.5708814176749799,1782921931.0255203
1.2248221751719186,-4.242523058044156,0.5730552540593101,1782921932.565599
1.2597639858992022,-4.219609949009519,0.5762040450458811,1782921934.0657473
1.2945330817445457,-4.196761110717875,0.5807498537375099,1782921935.5748167
1.3297347572375904,-4.173586616691191,0.5853209180928518,1782921937.075212
1.3659581150353923,-4.149505437648746,0.5892154190264274,1782921938.6256273
1.4012909169588135,-4.125262756715999,0.591458970124077,1782921940.1360512
1.4357385426916398,-4.102324566389563,0.5945087466560417,1782921941.665257
1.471473603247284,-4.078528631380994,0.5981126075041377,1782921943.171265
1.5058761714346238,-4.055046198795464,0.6004946358656957,1782921944.6752443
1.5377608617671628,-4.032706411086753,0.5999260491831566,1782921946.2262127
1.5722600136259695,-4.008927601120324,0.6017645940292637,1782921947.765449
1.5796344448983457,-4.006092018609065,0.7632415579727264,1782921949.2665668
1.5845879415806952,-4.005789126946511,1.1655673070629113,1782921950.7749126
1.5890081835683953,-4.0030416444636945,1.5649435932574278,1782921952.2765698
1.5906937137509896,-4.000763164736553,1.7743845682071275,1782921953.7837691
1.5907434223219932,-4.000953745698681,1.7744245893783928,1782921955.3163605
1.590883671800904,-4.001328129619124,1.7745600110119082,1782921956.8264067
1.5929028927549285,-3.997986949104117,2.2372293309135256,1782921957.7879982
1.5916728010016215,-3.9937913778967107,2.704488162431754,1782921958.8733923
1.58998288017723,-3.989341935364705,3.171271959376559,1782921960.027407
1.586767776478917,-3.9859000134391356,-2.650810127482692,1782921961.176409
1.5825152412994803,-3.9827343525195595,-2.1896638067248926,1782921962.3264909
1.5777292250314343,-3.9839219122659637,-1.724017319399757,1782921963.7874548
1.5748536267406115,-3.987389562310017,-1.2646350837162286,1782921965.3174407
1.5738325801826165,-3.991753948401654,-0.8163338254807276,1782921966.8254597
1.5751404293996631,-3.9963402164662005,-0.37061118155902706,1782921968.3277595
1.577688932618295,-4.00121497756403,0.0753765441305754,1782921969.8281362
1.5815071478611884,-4.00518412267105,0.5357487610771708,1782921971.367573
1.5868129503193842,-4.007720109145762,0.9956875009957576,1782921972.9175134
1.5908994822914913,-4.006983548670262,1.3181547738754025,1782921974.42752
1.5900221589938976,-4.007690215929016,1.238917336518746,1782921975.9275396
1.5852643767826735,-4.00850893558765,0.8432363149385438,1782921977.4675872
1.58169457347513,-4.006468765339431,0.45756309200518497,1782921978.967757
1.578127995891305,-4.003763455840125,0.06593604569096163,1782921980.5185628
1.575899214277672,-4.0000354846949975,-0.32121824689596484,1782921982.0255442
1.575036039988115,-3.9972028200485585,-0.7043402429729297,1782921983.527985
1.5752140639794192,-3.9930466759937935,-1.107272640840226,1782921985.077799
1.575464588117498,-3.992728471142195,-1.0909104849966254,1782921986.619113
1.5920034389282374,-4.020989505915553,-1.0013154159311943,1782921988.1236286
1.6141255821231382,-4.055671766579332,-0.9969186747429034,1782921989.623634
1.6368463634017056,-4.090574763532427,-0.9920804887805663,1782921991.1287951
1.6593022517657776,-4.124626884789915,-0.9866997773908396,1782921992.6287968
1.6831115433729749,-4.1605654446463,-0.9826775720867159,1782921994.1689186
1.6971109542951184,-4.181653269840298,-0.8084332323161323,1782921995.719803
1.7133375772113923,-4.198318936616895,-0.6112829419344383,1782921997.226908
1.7250909154724572,-4.207162993870469,-0.4864580119564451,1782921998.728692
1.7252300489318093,-4.207534419007081,-0.48625508196471634,1782922000.2788715
1.7264804228706072,-4.2096858747649675,-0.363811486426433,1782922001.8284075
1.7291552113094764,-4.213518545133546,0.0426889646166489,1782922003.3649049
1.731426581975291,-4.215629247878327,0.23900263304884464,1782922004.8707745
1.7307186674586823,-4.214856364512372,0.10543367496258008,1782922006.378766
1.727453883910242,-4.211962945311277,-0.2891555490340987,1782922007.930127
1.725288435007333,-4.2077280862952,-0.6996996401041866,1782922009.4793687
1.7364741031297237,-4.2176858756795665,-0.7823135664762544,1782922011.0311058
1.7514403001923413,-4.2344514740530546,-0.9470024858203816,1782922012.569856
1.7612132638894187,-4.250872203014871,-1.1420819817201928,1782922014.1198516
1.7720797488173161,-4.2764885471248295,-1.1017375752861331,1782922015.6258743
1.7720102740128736,-4.278859296952387,-0.9522506028451226,1782922017.130174
1.7721088741780076,-4.278930149575776,-0.9573135224583992,1782922018.679526
1.7764244063802854,-4.284988958174401,-0.9548543783322297,1782922020.2146597
1.7944529273658292,-4.310553282588087,-0.9485405772728817,1782922021.7209096
1.7954961115169472,-4.315136221461528,-0.5867477849776042,1782922023.230899
1.7983072358900996,-4.319653611418486,-0.17770331711877682,1782922024.7799315
1.8017364340319153,-4.323899596499952,0.2356089041483916,1782922026.3326514
1.806439733362778,-4.32633310343403,0.6492538036285584,1782922027.8803763
1.808370621927666,-4.327190223057338,0.7802311138808118,1782922029.4215355
1.8043787471170873,-4.326671271304988,0.4458100376258509,1782922030.9709585
1.7992787257682947,-4.324108044370914,0.03395736987027069,1782922032.5203426
1.7957168935447807,-4.321147721982256,-0.36124624641194203,1782922034.0261824
1.7934466890729792,-4.317336044422127,-0.6737403020264909,1782922035.5304914
1.8003972489435323,-4.322340005566431,-1.0975952198550594,1782922037.0704432
1.8129144780662971,-4.361868257944644,-1.312269562346943,1782922038.5711577
1.8206850299255706,-4.418778888118663,-1.4759985283699408,1782922040.122023
1.8272733558522882,-4.469809959615295,-1.3745826877044627,1782922041.630064
1.8313138051450149,-4.52980357557976,-1.5692600663322347,1782922043.1320555
1.8248528173309442,-4.584417677575452,-1.7052731799974201,1782922044.6681604
1.8194009457813791,-4.623722610073257,-1.7037428721798502,1782922046.1712306
1.8137378249589051,-4.665525682377886,-1.7013098735228105,1782922047.6720915
1.8094291295865956,-4.697296299703377,-1.7046104374117255,1782922049.176997
1.7994713246812477,-4.765621534162827,-1.7033189134739417,1782922050.7312126
1.7885633825782403,-4.837291067153029,-1.705051668767558,1782922052.271691
1.7818916994101066,-4.880140122409012,-1.7045389058773635,1782922053.822251
1.7868105002247467,-4.880181632366855,-2.117779425223878,1782922055.3721523
1.7916734057245676,-4.881578555097843,-2.5105240733895,1782922056.8731723
1.7951848682112839,-4.885380239295102,-2.896997323134562,1782922058.3792548
1.7977788660641039,-4.888520407176453,3.1334867519270473,1782922059.9314585
1.7714737837039227,-4.889166499783457,3.1293600678256777,1782922061.467495
1.7303801039756448,-4.89008967026318,3.1336781959502242,1782922062.971229
1.6886094798165996,-4.891023993331702,3.135191064718205,1782922064.4769547
1.6466129896370467,-4.8924001790583285,3.1387938406568647,1782922065.982746
1.6163035376188764,-4.892746180289947,-3.021576912251777,1782922067.5129955
1.594442359633979,-4.896149742530561,-2.8367424264722807,1782922069.0222566
1.5842824374397113,-4.8973651400337275,-2.5355572912038444,1782922070.5232334
1.5714420691455133,-4.903553493321763,-2.073676826991215,1782922071.8849168
1.562284742403818,-4.923888602320201,-1.8348701554926417,1782922073.4204233
1.5508664131392436,-4.964073251111708,-1.8344179446218836,1782922074.922438
1.5393117066178346,-5.004201882055659,-1.8324413776505573,1782922076.4284582
1.5276682834503008,-5.045337760057621,-1.831132157947058,1782922077.9823506
1.5162334513246356,-5.086305036803993,-1.8278858628776047,1782922079.5171306
1.5063526119945838,-5.123153008271148,-1.82554274130055,1782922081.022883
1.495058292463079,-5.165011313461229,-1.824065821932798,1782922082.5725827
1.4842183109378098,-5.205584723957129,-1.8278296706149857,1782922084.1245942
1.473219500863104,-5.245816599401564,-1.825586346138644,1782922085.6324024
1.4656340567599426,-5.274764968671857,-1.8244731614162457,1782922087.182668
1.4626984893209019,-5.277797701073019,-1.4492372938959954,1782922088.733842
1.4616472557616584,-5.282541527231169,-1.041377735801744,1782922090.270433
1.4625922307671653,-5.286900254810618,-0.6428801300684829,1782922091.773466
1.4633497250875482,-5.2884723081503795,-0.5700712120591808,1782922093.2744553
1.4645965863119463,-5.290918031008488,-0.3964817006238178,1782922094.7797327
1.4963793639517804,-5.303852743831442,-0.3881934105613098,1782922096.3142507
1.5348350162124307,-5.319853010084344,-0.3869055562292825,1782922097.8237398
1.561948936647577,-5.330877601654673,-0.26119820179854925,1782922099.324608
1.6020808914313045,-5.340548160722754,-0.2541531023242395,1782922100.83378
1.6059361676560824,-5.341809920464126,-0.254525641788353,1782922102.336986
1.606071832261605,-5.342194477147688,-0.2552321829563319,1782922103.8728375
1.6062138971332136,-5.342592855341104,-0.2558237234924813,1782922105.3747442
1.5914580662818663,-5.3393789454176375,-0.25561968714404026,1782922106.924562
1.5510600815481053,-5.329983398018067,-0.2587149683525846,1782922108.4359224
1.5350914442417196,-5.3262060869254535,-0.2622042659926539,1782922109.9650269
1.5352144764100781,-5.3265649454005315,-0.26322757083519815,1782922111.4746308
1.5353617717165167,-5.326973203344199,-0.2638398723444534,1782922112.974772
1.5372324967508306,-5.329365402812491,-0.0765585686812883,1782922114.5266058
1.54073530748952,-5.332744866007537,0.30495135607742385,1782922116.0345533
1.5448465785526064,-5.336103911956004,0.7097298709220351,1782922117.5670748
1.5487034097019245,-5.3370437939231135,1.0006009294264535,1782922119.0726652
1.551044395524519,-5.336946328914988,1.1709507266334382,1782922120.575648
1.5542027634418885,-5.336024848076592,1.46320411275692,1782922122.0756762
1.5557300435791885,-5.321017902873672,1.5940189871584824,1782922123.6160536
1.555579945259974,-5.280631554294527,1.593797424659627,1782922125.1699598
1.555384394670899,-5.225497680991794,1.5951629715906355,1782922126.6707232
1.5553562709113258,-5.158907159427102,1.5926227912936846,1782922128.1757212
1.5551252140124903,-5.1233315233138494,1.5918370620872817,1782922129.6757276
1.5520246983178476,-5.1245991779203415,1.2564646778394413,1782922131.2361448
1.5552573432511045,-5.116445999982558,1.0886122723002185,1782922132.766921
1.575965530015543,-5.07913572032459,1.0886820435921134,1782922134.273758
1.5837368358151716,-5.065767952307962,1.089737225461227,1782922135.7757194
1.586447224668048,-5.064622325661319,1.2740767678923686,1782922137.2757971
1.5972752819515548,-5.03130011620413,1.2779430808251844,1782922138.8367922
1.6096939673264763,-4.994518613674433,1.2555026456039695,1782922140.3525846
1.6185441712415565,-4.976105341137879,1.0535586334479419,1782922141.8657846
1.6377219239795477,-4.9518408652126,0.8495407007254977,1782922143.3708808
1.6665192178555028,-4.921057884675357,0.8491541831927367,1782922144.874859
1.7017948624970975,-4.882261433006928,0.8528371497020654,1782922146.426326
1.742201996788457,-4.839513542268809,0.7696319873487941,1782922147.9626038
1.7869469871653139,-4.804219059263684,0.6128307216755978,1782922149.466876
1.8464158953360537,-4.774487547007356,0.18492981076950568,1782922150.9708676
1.907939690786987,-4.775355146723585,-0.2756863293762402,1782922152.1709073
1.9611062952643923,-4.807453595659464,-0.7396560159946213,1782922153.2742505
2.0048378494263397,-4.878317224716579,-1.1337879808406095,1782922154.8266978
2.047889559453624,-4.949084758854809,-0.7534938456003449,1782922156.3633192
2.122045719892143,-4.993887147808102,-0.36976667335958213,1782922157.867056
2.1871923256831196,-5.019432875308895,-0.3701093413950259,1782922159.3719606
2.237305279969516,-5.044993801532546,-0.5002898302546906,1782922160.874977
2.239257156376267,-5.0486891700174485,-0.18177250443007906,1782922162.4111886
2.242688905788568,-5.053044395948384,0.2139897296663965,1782922163.9160326
2.24735050904358,-5.055900109767858,0.6119759608077618,1782922165.4199862
2.252357033109487,-5.056792996907998,1.0100291798798324,1782922166.923211
2.256871997081885,-5.055186406170903,1.4161720168842469,1782922168.4592607
2.2594700342389498,-5.052148937386258,1.8167254199242726,1782922169.9651718
2.259288328539444,-5.0485672935106285,2.2163779642096464,1782922171.4680395
2.2572833698059673,-5.04497282771155,2.6166599665613655,1782922172.9730418
2.2550429329021164,-5.041107965376378,3.0149196546912234,1782922174.4752376
2.2524072036518206,-5.038290056977527,-2.9049863536515588,1782922176.0115242
2.2496601840564856,-5.036030463862798,-2.5158457574752537,1782922177.5161726
2.246949995137216,-5.033659160389247,-2.1280664113420045,1782922179.020474
2.244108962571313,-5.033136666486856,-1.743129538939481,1782922180.5236042
2.242263023867054,-5.035644142515224,-1.3532853214033402,1782922182.0284894
2.2416899990566446,-5.036921591618192,-1.233219825144896,1782922183.564211
2.2497439284995346,-5.056924840783252,-1.030949761560762,1782922185.0691495
2.2706256027976064,-5.08974005270967,-0.9977302805840302,1782922186.5731616
2.2929705919386154,-5.12420489773883,-0.9964037612279113,1782922188.076577
2.3158262860332157,-5.159366723155539,-0.9982651845642867,1782922189.6127343
2.338104800319305,-5.19437505571725,-0.9971210482479265,1782922191.1161983
2.359937717963918,-5.2287096067373495,-0.9983186885440578,1782922192.621228
2.3821117427818104,-5.263381937303822,-0.9977654350955063,1782922194.124238
2.4047145966734274,-5.298333760133383,-0.9929074803680175,1782922195.6602924
2.4323211554633284,-5.338818956954439,-0.9136856266185174,1782922197.1646852
2.4619146479065366,-5.3723916817936415,-0.7585339797912778,1782922198.668417
2.4632055759691696,-5.376553409225321,-0.3807412216445543,1782922200.173298
2.466095872314301,-5.381082917347898,0.03249905728167406,1782922201.7271369
2.470014946141559,-5.383753833596084,0.3971626445158939,1782922203.229071
2.4690272057825515,-5.382661744863908,0.22499574321560156,1782922204.7653935
2.465700465963419,-5.379097031895991,-0.1618052116958315,1782922206.2693384
2.4725817420428235,-5.378837335442012,-0.6112176891526633,1782922207.773359
2.486833363393621,-5.391162755686086,-0.8179687481621797,1782922209.3255222
2.4965711297466013,-5.404184992962117,-1.0698430135394972,1782922210.861502
2.510270146496682,-5.434312706920627,-1.147740184061756,1782922212.3658495
2.515955261602138,-5.4511865892466265,-1.3271317676397247,1782922213.8694255
2.52132789476185,-5.5112675304403185,-1.5308802487441293,1782922215.3734372
2.5159149311667206,-5.570526625642775,-1.7068888636055795,1782922216.9266243
2.5099345519659386,-5.611499107698593,-1.7066639061285949,1782922218.429609
2.4943516564132295,-5.668666954475941,-1.890620897028843,1782922219.966525
2.4706646373806715,-5.719769903806923,-2.0426900711576903,1782922221.46951
2.444482904212684,-5.769627873355855,-2.039438540454443,1782922222.9746325
2.4173371611576804,-5.821604650067533,-2.0373455656694484,1782922224.5265834
2.390559570113367,-5.8729471142350205,-2.0372331106049653,1782922226.0628283
2.3644553476919943,-5.923042831725255,-2.0361799343093088,1782922227.5670831
2.338414252796366,-5.974409797406028,-1.9875177161998079,1782922229.070687
2.330001033012602,-5.9922208811977695,-1.838907646111967,1782922230.5748086
2.32655438218298,-5.9954539881519295,-1.423284324291603,1782922232.1284914
2.324994212021877,-5.998644435058638,-1.1117833230554595,1782922233.662287
2.3252611183816785,-6.002139896635659,-0.8273202750123914,1782922235.166569
2.3266868624616013,-6.00601891299198,-0.4605493213224103,1782922236.6706278
2.329256440774603,-6.010301537962697,0.01877838463264782,1782922237.5676365
2.3340139777793176,-6.0151646579699385,0.5959094707781134,1782922238.1280544
2.33954296620171,-6.017380503629392,1.0762666374911178,1782922238.5277946
2.3438862194957664,-6.015952943421508,1.5373391500590563,1782922238.926382
2.34693448442818,-6.011710623790321,2.090402154478595,1782922239.4236553
2.3464564588205366,-6.00665720547729,2.6023660215356967,1782922239.9186573
2.3434052127215854,-6.0018300986430475,3.110702796366556,1782922240.5756726
2.340250082300766,-5.998149018003389,-2.7199126503283297,1782922241.6157408
2.336430140199404,-5.995517353575447,-2.3089318675246404,1782922243.119953
2.3393195524106374,-5.997631181727791,-2.6467009946103195,1782922244.6237235
2.3399943122690074,-5.998248486768465,-2.7034396390905573,1782922246.1757455
2.336894027215046,-5.996753094054505,-2.3895575605035537,1782922247.7273967
2.3360994062186813,-5.996732282703199,-2.3302870815828443,1782922249.2638144
2.3369955179020536,-5.99701927875448,-2.426453938118267,1782922250.7687151
2.3416074779912415,-5.99976568863422,-2.824345430675068,1782922252.2718914
2.344362368124257,-6.001729981566702,-3.0063479281594545,1782922253.7760923
2.307413208317061,-6.006973784961439,-3.0083995840913693,1782922255.3125124
2.26711514195236,-6.013321458034122,-3.0081059784820128,1782922256.8168583
2.267046974824525,-6.013370771759808,-3.005651426593097,1782922258.3208308
2.2670580538246483,-6.01355972090587,-3.0054528747193396,1782922259.8249948
2.259101739010617,-6.0148148711938605,-3.005844391840314,1782922261.3771498
2.158411915152094,-6.0299268223661135,-3.002975679704073,1782922262.9294565
2.094802672617682,-6.044192379142462,-2.897760675426035,1782922264.4648762
2.062547847394851,-6.053162529434156,-2.9231554467749596,1782922265.9688735
2.034921634839774,-6.059034672871435,-2.9352813581714634,1782922267.472921
1.9987460710130618,-6.067266622837763,-2.9312579757643866,1782922268.9765332
1.957569604406351,-6.076658576301188,-2.92870013062684,1782922270.5140986
1.9164755061052345,-6.086285477804835,-2.9270687709181624,1782922272.018038
1.8756675174509037,-6.095608337698109,-2.9250146669245964,1782922273.5219617
1.8414051861754053,-6.103855734246799,-2.9199148238009625,1782922275.0248487
1.8167953440501814,-6.109790242807129,-2.9221898437312257,1782922276.5777917
1.8162768093398636,-6.1095953920917605,-2.8632972469587976,1782922278.1294808
1.8117253702180816,-6.107800863348856,-2.4838310106475956,1782922279.6660895
1.7880143524956493,-6.1268264394025955,-2.475745538203558,1782922281.1700923
1.754938784459458,-6.152673109405115,-2.476858209604366,1782922282.6740954
1.7208389476488462,-6.17978327149336,-2.4760128549809886,1782922284.2271447
1.687811987498691,-6.206010953400258,-2.474941624347958,1782922285.729708
1.6540743468669228,-6.232862605521842,-2.4741070824862526,1782922287.265254
1.6206078081120452,-6.259198516790008,-2.4732940016416265,1782922288.770104
1.5908906298197039,-6.283137271597539,-2.472982441827283,1782922290.274105
1.5579756661950348,-6.309525292152645,-2.470301231232831,1782922291.777527
1.5245140191456186,-6.336232636492156,-2.4703119068681563,1782922293.3132582
1.491414877585023,-6.362627977262354,-2.468218067168123,1782922294.8183243
1.462004857371613,-6.386623889987286,-2.465293063275247,1782922296.323153
1.4447306486709033,-6.400664497959389,-2.4630987281677457,1782922297.8272998
1.4463783806981987,-6.4023710764643,-2.6646462370469184,1782922299.3305247
1.4506747619624865,-6.405697257132868,-3.0732858404559815,1782922300.8666291
1.454466100102553,-6.409147129876779,2.8087117456031256,1782922302.370258
1.4296949122343816,-6.400697213784687,2.796436144100794,1782922303.8743582
1.3911012129093763,-6.387692662666721,2.797689908697691,1782922305.378835
1.3599738003206965,-6.377991268857364,2.8813892348760195,1782922306.9143386
1.344534992722468,-6.37308656674512,2.716885025238539,1782922308.4209414
1.3428969890911047,-6.371392270434459,2.9230070607311682,1782922309.9229538
1.3445014263008503,-6.374628118327704,2.5787803883062317,1782922311.4271555
1.336145876866821,-6.369535997273353,2.528750802994839,1782922312.9624352
1.3113046090864875,-6.352472313147447,2.521684267566617,1782922314.467524
1.2777754107822532,-6.329531743955204,2.527083632461588,1782922315.9713614
1.2524317557229938,-6.3123589787384455,2.526780397856519,1782922317.4743884
1.217745531494098,-6.288206475369229,2.5271368281191737,1782922319.0279634
1.211173917801411,-6.284024890549447,2.5283985097495143,1782922320.5635164
1.211443017403422,-6.285531213149543,2.3811011471769485,1782922322.067623
1.212446968395756,-6.287990006103405,2.2332284755870724,1782922323.5713894
1.2120417919889963,-6.287003662585553,2.307732523471616,1782922325.1236637
1.2109510644142143,-6.284233793083891,2.6954568472733484,1782922326.6759267
1.210003116276686,-6.282110890123358,3.072590464776502,1782922328.228814
1.208339564602261,-6.279112092586025,-2.821964353922247,1782922329.76361
1.2055666282302278,-6.27688264841491,-2.4373153163316035,1782922331.2674372
1.202274591976217,-6.276149517717121,-2.049427529077165,1782922332.772654
1.1999733823723004,-6.276715526944465,-1.775850004913214,1782922334.2764702
1.1976871053752025,-6.277629999916188,-1.4108748180062103,1782922335.7807517
1.196720258023613,-6.280285091774444,-1.0173236565598403,1782922337.3166814
1.1981274190381748,-6.283762507057715,-0.6290235350206385,1782922338.8225436
1.1995306279510451,-6.287130645827152,-0.31960342915816203,1782922340.3246105
1.1985550452437035,-6.286185688587316,-0.43110738586819014,1782922341.8762238
1.199877783492498,-6.285850913803039,-0.6313754644464101,1782922343.4293568
1.2333851548502066,-6.309332756315758,-0.626738518767244,1782922344.964552
1.2529594034239744,-6.326444619471885,-0.7486457888982984,1782922346.4685612
1.2740399069778245,-6.3446531382267715,-0.6143800303479021,1782922347.972674
1.3072898811622158,-6.368047222024839,-0.6103422588679115,1782922349.4766524
1.333088906172965,-6.3865362036328115,-0.692680337740599,1782922351.0285847
1.3630155768052148,-6.412629200973797,-0.7166172655879613,1782922352.5816474
1.383093008819652,-6.432692899551198,-0.8155105367947316,1782922354.1177366
1.4110733566083362,-6.462707428300363,-0.813117257200191,1782922355.6217134
1.4392121146500083,-6.4923994750768825,-0.8107935425963477,1782922357.125919
1.4579175565724833,-6.513547487107658,-0.9280701311889568,1782922358.6781588
1.471267043180808,-6.536652997944048,-1.0597081482111506,1782922360.2308395
1.477772033173323,-6.54599865402436,-1.2166651935736477,1782922361.765721
1.4801157796333064,-6.541805671213033,-1.6130376263079873,1782922363.2697113
1.4844302127111284,-6.538786282247787,-2.011544965377791,1782922364.7737503
1.4819849966656091,-6.544940739439542,-2.1056707522834577,1782922366.325757
1.472067476745702,-6.560991356078702,-2.104417054427556,1782922367.87723
1.4747893560564762,-6.561059632878531,-2.2921333193049844,1782922369.4147742
1.4574153789185955,-6.580512484639534,-2.2930308649918105,1782922370.9178722
1.454589960196583,-6.58148763978912,-2.1071594934901774,1782922372.422889
1.450523729732084,-6.582485544433184,-1.7092679021186332,1782922373.9254444
1.4484009688332713,-6.585700398957312,-1.3102229638856442,1782922375.4315312
1.4477276911426797,-6.5887840739900705,-1.0539596713481363,1782922376.9669394
1.4629206445457388,-6.614422075504299,-1.0468487112801885,1782922378.4708488
1.4826472670904707,-6.649748767943777,-1.0481221876934277,1782922379.9748795
1.5033168284004563,-6.686101039696962,-1.045156114689393,1782922381.526231
1.5202661961594823,-6.714388881947992,-0.9644227697837338,1782922383.0310717
1.5434509473380333,-6.748358252371325,-0.961588607407241,1782922384.5669286
1.5667069165952663,-6.781607860084945,-0.9574456654507912,1782922386.0709977
1.5898687871635349,-6.815141840693753,-0.9583139836818296,1782922387.574947
1.6139504545201218,-6.850275557424734,-0.9595855832306794,1782922389.127041
1.6340734637742724,-6.879884435420417,-0.9584974937036663,1782922390.6641543
1.6572043138847232,-6.913589509654673,-0.9604177836808498,1782922392.1678174
1.6811290376035901,-6.947921779252979,-0.9605349504889058,1782922393.6714158
1.7094898859066583,-6.988619638154685,-0.9564784683348234,1782922395.176017
1.7409027434560134,-7.03410966775362,-0.9595254489400851,1782922396.679285
1.7664461304117078,-7.071014881716264,-0.9595731992264129,1782922398.2168372
1.7673797392663648,-7.074216111933722,-0.6978022289319241,1782922399.7200522
1.769461432158454,-7.078756975449029,-0.2441373322178621,1782922400.7281706
1.7722763264786168,-7.083544204859317,0.2106289128777413,1782922401.8636012
1.7764496504521425,-7.088109380911835,0.6740978669522789,1782922403.2240686
1.7816937786494367,-7.089813791884493,1.137330053084109,1782922404.377171
1.7857549822000354,-7.088974672519181,1.6027324736453221,1782922405.5274248
1.7879840726583445,-7.08647102239262,2.0639396979276934,1782922406.921159
1.7883780933103977,-7.085146999072365,2.279101244844063,1782922408.4233336
1.768737587029727,-7.062533622436676,2.28423383784501,1782922409.929684
1.741845785989811,-7.031780193781837,2.2850755172661374,1782922411.4325464
1.7226196732251595,-7.009869352792021,2.28567458028482,1782922412.9682362
1.6957373656626482,-6.979297263851053,2.288139511046651,1782922414.473178
1.6686012128487178,-6.949337571480458,2.290891740194063,1782922415.976368
1.6405118852191627,-6.9178242543909025,2.2939567348107075,1782922417.5286295
1.6124996049258085,-6.886485120162085,2.2933409481072813,1782922419.0808823
1.5845119800880862,-6.855466918171039,2.2953320803373867,1782922420.6164298
1.558870756693382,-6.826805732758776,2.328515244815245,1782922422.121456
1.5360269724165734,-6.804024374087928,2.30147324714236,1782922423.6249738
1.513892962628429,-6.777408828616701,2.219562950292141,1782922425.129626
1.4918907495560576,-6.745342436969999,2.178072189923535,1782922426.6661687
1.4690160909507946,-6.7123144294682655,2.17614883212843,1782922428.168249
1.4500964925359112,-6.684575758191517,2.1780054286187864,1782922429.67242
1.4265150801703836,-6.651064153070204,2.1846755906071373,1782922431.1774943
1.4025501848706976,-6.617114733762154,2.1826489246747016,1782922432.729429
1.3784035178742329,-6.582637052788425,2.184621718319977,1782922434.2658122
1.3547255038471353,-6.548895876057179,2.1821829139098208,1782922435.769289
1.3418308867789053,-6.527750893489454,2.018863535531504,1782922437.2735157
1.33505278457741,-6.509562284765349,1.8246619779967355,1782922438.7780416
1.3322812833452151,-6.49060857430897,1.6276198850481374,1782922440.3135622
1.3330577459033555,-6.472353813738558,1.4437241878603164,1782922441.8175604
1.337998100429813,-6.453306192440228,1.2496430686346414,1782922443.32137
1.3486687022866155,-6.431973946930329,1.0188429595024386,1782922444.82541
1.3645383728688747,-6.412684787882053,0.7758656993525442,1782922446.3776507
1.3820922716978647,-6.398480183603615,0.6535863358196041,1782922447.929242
1.3928120400466373,-6.390649498269745,0.6511024212378341,1782922449.4666595
1.4264263808637452,-6.365119531431067,0.6528080435716289,1782922450.970599
1.4600806901575303,-6.3394313125405946,0.6545212400417223,1782922452.4744823
1.4939812222394806,-6.313501877763974,0.6548322074312461,1782922453.9785886
1.5287636300521028,-6.287267258406809,0.6587926257828578,1782922455.5145829
1.561187802160904,-6.261764198577569,0.6608286803315885,1782922457.0188038
1.5942500959013506,-6.2364296672684185,0.6614808458992769,1782922458.5224988
1.6272602463045265,-6.211009514028467,0.6648410868700976,1782922460.026232
1.6612999743151573,-6.184461450167045,0.6661612313771029,1782922461.5789506
1.6951105580155024,-6.157902525614138,0.6685641067144502,1782922463.130992
1.7288231947247692,-6.131402048285292,0.6692746362635413,1782922464.6666012
1.761951373083849,-6.105140157492805,0.6675373677197779,1782922466.1706047
1.7954237709155263,-6.078985301217653,0.6682775564999567,1782922467.675593
1.8219233421938967,-6.0584715561478015,0.6673813893795421,1782922469.1799047
1.8344652510616986,-6.049423333769932,0.5507693129373202,1782922470.7152123
1.8516836304540392,-6.040859173249584,0.3592335499269863,1782922472.2199252
1.8692910159490885,-6.035931966980667,0.16855215080209582,1782922473.7238002
1.8883776570911863,-6.034310950264077,-0.02378002424899773,1782922475.2276762
1.907637228861537,-6.036432552426295,-0.2196426607207696,1782922476.764113
1.9268748036775905,-6.042645662707853,-0.39321451721149653,1782922478.267695
1.9512821236246691,-6.053624365712825,-0.5137462949946389,1782922479.7716482
1.9811539891620422,-6.071610675335194,-0.5473791454592711,1782922481.2767196
2.017133160692622,-6.092998660688009,-0.5412694286247339,1782922482.8276205
2.0527733821725276,-6.114164973813628,-0.540064137103909,1782922484.3633018
2.0878557313208117,-6.13486315438167,-0.5363365827639619,1782922485.8689184
2.122630595556275,-6.1547187543233335,-0.5321225627563123,1782922487.371863
2.1574326938718276,-6.175021475439222,-0.530673608046957,1782922488.8753622
2.181140128036641,-6.188634524393067,-0.38853511817938846,1782922490.411748
2.209356714113105,-6.199403026304459,-0.2773186622573237,1782922491.9169188
2.247109005138677,-6.209630396033226,-0.269078047245007,1782922493.420788
2.2842785662383793,-6.21952785924366,-0.24640242874758006,1782922494.9248135
2.313000993603971,-6.225079891816374,-0.11270759512319067,1782922496.4282396
2.3452704930302737,-6.228478836987942,-0.021385050176812942,1782922497.9656153
2.368247597367386,-6.228313428375504,0.17005753934324172,1782922499.4689572
2.405804688319194,-6.220200204728798,0.2107267364250044,1782922500.973875
2.4458690861598495,-6.211245876773231,0.21300579259193272,1782922502.4768753
2.4878810076759175,-6.200935426108048,0.21597559799475635,1782922504.0284402
2.5144565863640884,-6.1949601717605844,0.3642990153920221,1782922505.5647807
2.5267754521623487,-6.190101183448676,0.4751010651424585,1782922507.069921
2.5308269468550817,-6.192050959025656,0.7979648288661209,1782922508.5739286
2.5493452017842118,-6.1729620908445995,0.7985559055754837,1782922510.07821
2.5792444336208917,-6.142046378286457,0.8010687921164301,1782922511.6139398
2.6085007049568785,-6.111694831511925,0.8035383096018112,1782922513.1180513
2.63851433683018,-6.0806057314825495,0.8041459080602734,1782922514.6219652
2.6874752638420474,-6.029699258419332,0.8061156133777907,1782922516.125995
2.7370333839205117,-5.978132449549514,0.8043937292013613,1782922517.6300578
2.788463886883319,-5.924670876409164,0.80482159701655,1782922519.165518
2.8382695617484663,-5.873385287340067,0.8063499120197022,1782922520.669391
2.8864258029734287,-5.82306525760552,0.8046965499324904,1782922522.173308
2.934992576943508,-5.772526326191928,0.8056843248421212,1782922523.6774793
2.936679262283456,-5.770461869143537,0.8036105927605699,1782922525.2134943
2.9355920429854976,-5.769953622554502,0.7240127252686152,1782922526.7190616
2.9331576795964405,-5.769440890265596,0.6081762510038812,1782922528.2222447
2.950137958099291,-5.757286332776948,0.605898932346838,1782922529.7271273
2.9859591391715155,-5.732557611145827,0.6047478609743117,1782922531.2790997
3.0216761897106346,-5.70743736845516,0.6067842592546159,1782922532.8303375
3.0563484714163285,-5.682456587106285,0.6113194207177293,1782922534.3664265
3.0907220776016358,-5.657769988881901,0.6144896565373938,1782922535.8711357
3.124842051162863,-5.632731290913064,0.6176440838082039,1782922537.3750596
3.1590878878593314,-5.608052488311865,0.619406058238959,1782922538.8787203
3.1945070683445502,-5.581934118261225,0.6222364656788474,1782922540.430328
3.2097386524447113,-5.570794321152108,0.6244301961812164,1782922541.9671786
3.232360848220154,-5.554336855605219,0.6089389624935148,1782922543.471173
3.2295326634123973,-5.552289381735699,0.35918972546228767,1782922544.9751723
3.226080151216425,-5.549257626969882,0.02589667809479773,1782922546.527227
3.2234335490878516,-5.544788737579504,-0.3855107117850677,1782922548.0793347
3.222051387871603,-5.540020523035928,-0.7355640924554144,1782922549.6154675
3.2218973671897913,-5.538144120114702,-0.8471615570563634,1782922551.1195238
3.2219556716143587,-5.536950059927976,-0.8582420004804513,1782922552.6233358
3.2192979529668193,-5.533622046798556,-0.8541380298387258,1782922554.1276512
3.196974334666441,-5.507590082258267,-0.8572732135394079,1782922555.6637418
3.1972176977388695,-5.507058265331393,-0.8570613716339911,1782922557.1673825
3.1880123611779756,-5.4957254805322,-0.8544875712970952,1782922558.6713269
3.184734310926309,-5.491292812044867,-0.8539440809615927,1782922560.1753376
3.184972221748534,-5.490799247897215,-0.8534005906590909,1782922561.7281735
3.1852101325952864,-5.490305683762354,-0.8528571003899812,1782922563.280597
3.185296918328901,-5.489982846089644,-0.8526128795800412,1782922564.8160508
3.1852319822609316,-5.489827344536825,-0.8526654481539638,1782922566.319347
3.185156621498641,-5.489616243292573,-0.852718024679955,1782922567.8243556
3.185048610727957,-5.492249235343906,-0.5844668501134697,1782922569.328797
3.1858942701016972,-5.495895849643044,-0.22699525436159051,1782922570.8646564
3.1878106615534394,-5.499379010792,0.15722005411670475,1782922572.368429
3.190765213677113,-5.501922512765322,0.5402941855069747,1782922573.8724146
3.197197961858387,-5.49800598153372,0.5733052983919539,1782922575.37673
3.2325523445566846,-5.47443360364769,0.5814162978404953,1782922576.9124603
3.26733816095923,-5.451048994508514,0.5851845862756221,1782922578.4162314
3.301972504600175,-5.427832113190785,0.5875823014799706,1782922579.9204943
3.3363523880872195,-5.4042348056117095,0.5901555029155136,1782922581.4267502
3.3541065297906694,-5.392294410473187,0.5896665597127334,1782922582.928745
3.356875580851584,-5.392384904646799,0.8022539176456879,1782922584.465563
3.361438967413293,-5.392304977844721,1.2001474163608639,1782922585.9698195
3.365228556900144,-5.390059540972773,1.5987759746905963,1782922587.4738636
3.368011623414919,-5.38635671054092,1.9954088401480627,1782922588.9775507
3.3675072768162115,-5.3884324560457975,1.831023558473686,1782922590.529909
3.3683388239230676,-5.384946752708045,2.164328179798452,1782922592.0338736
3.3550787235883144,-5.367000512936133,2.212182929552232,1782922593.5695865
3.330419084505569,-5.333967464291201,2.2170456552737927,1782922595.0735846
3.3055907215168507,-5.30098283242333,2.217759398440827,1782922596.57772
3.2835464809229515,-5.2715553039460445,2.2209907011935797,1782922598.1297154
3.2644753466933683,-5.245533691183832,2.14054705417249,1782922599.6662045
3.2510065277855236,-5.223272159920041,2.231112359348938,1782922601.169808
3.2333006552012065,-5.202710213083278,2.3847746834575783,1782922602.6749268
3.2283920384251066,-5.198355525906827,2.275072914497645,1782922604.1776814
3.2282677083017792,-5.197932867592675,2.38853015226665,1782922605.7296567
3.2270912238233413,-5.1950221037476725,2.610787510307816,1782922607.2667572
3.2273241355768483,-5.196255866820034,2.4954158787374343,1782922608.7707093
3.2239886722335847,-5.193713392877142,2.4880828851048773,1782922610.2749064
3.2013906769280807,-5.175919753028048,2.488030183978236,1782922611.778776
3.2010863763789383,-5.175064449972404,2.532270508635144,1782922613.3310077
3.1983097748516074,-5.170879382768498,2.9393602567596457,1782922614.8670945
3.1958309771201527,-5.167353020725058,-2.912245606156583,1782922616.3707745
3.191959706343667,-5.163490297072281,-2.438622776077738,1782922617.3789132
3.1867964120256667,-5.162374900328406,-1.9846078117969554,1782922618.1304371
3.181647469216692,-5.164524852830325,-1.5070155468009168,1782922619.0274377
3.179109771621955,-5.167946798257873,-1.0542325178769014,1782922619.778556
3.1785989278975944,-5.1722978179944645,-0.6029471447090745,1782922620.5314689
3.180441689143495,-5.176990878211589,-0.1317959529596872,1782922621.3144913
3.1833870072676684,-5.180275399252455,0.3188957295342978,1782922622.0679958
3.1876088085518677,-5.182780232224435,0.7703335674812805,1782922622.8198986
3.188719238227021,-5.182858338799442,0.8135471530931071,1782922624.3238294
3.188646098924552,-5.182797697531781,0.8128457524419136,1782922625.8280182
3.188626101094008,-5.182740213168086,0.8125363534215593,1782922627.3792186
3.1886130991107473,-5.182682487781442,0.8122829544041621,1782922628.915552
3.1921327175016416,-5.1823767739325675,1.1256997268047273,1782922630.4199667
3.196630767438516,-5.180611186861914,1.5239293687697373,1782922631.9249537
3.1993591418209752,-5.176927830417075,1.9234941891872361,1782922633.428889
3.200531822378025,-5.173161748269132,2.286519542966271,1782922634.9639268
3.182459517712967,-5.152452056587628,2.290700992602996,1782922636.4674642
3.1628751818831113,-5.129549158829003,2.2916167731591663,1782922637.9719028
3.137927428155915,-5.101415581526057,2.2925238510179797,1782922639.4769351
3.015026142902083,-4.961073705209554,2.2905140080675253,1782922640.9794984
2.8474886527600485,-4.769060092130545,2.2889718635283414,1782922642.3239686
2.814014490212471,-4.732154649849191,2.1687525288422056,1782922643.8290308
2.812656714991462,-4.7358662187049525,1.745144700699711,1782922645.3800526
2.8084094059680793,-4.7390257425106945,1.286053143915091,1782922646.932333
2.807372817934488,-4.739063160839128,1.2402817896458789,1782922648.4691248
2.8029744434812316,-4.7397023952328645,0.9464058356766014,1782922649.9741628
2.802716722868468,-4.739441477762178,0.9465350665760142,1782922651.4766195
2.8025900648816515,-4.739117372241253,0.9466642781798582,1782922653.0285585
2.802482396865037,-4.738792657745351,0.9470434457128365,1782922654.5802016
2.8059003772881397,-4.737839446541899,1.236141775730603,1782922656.117005
2.8094834587634967,-4.7364372402041806,1.6253772713248216,1782922657.6210666
2.811444888975248,-4.73312392891384,2.0134152061377577,1782922659.125076
2.8046138415632513,-4.7186523741154245,2.0337496593231257,1782922660.629391
2.8047927002783473,-4.71549459346418,2.272498229274376,1782922662.1658587
2.797388352926586,-4.707194529876951,2.454837324199056,1782922663.6701033
2.7742523155677308,-4.688082963781221,2.4554503134924386,1782922665.1751137
2.744934160908678,-4.663901453439067,2.4576856008130963,1782922666.6781178
2.7402252045214794,-4.661180429333595,2.325010352026488,1782922668.229996
2.7385929085473077,-4.665233608574786,1.8677025645781966,1782922669.0137675
2.734290314821598,-4.667624531389435,1.3794432755871902,1782922669.5261416
2.7276346847832547,-4.668194815165252,0.9646036320442284,1782922671.0772443
2.727565258177831,-4.667709736627408,0.9697916923570318,1782922672.631117
2.7273669830893064,-4.667265997668998,0.9703467755775889,1782922674.1660385
2.7271632695463333,-4.6668779975758214,0.9708513008748436,1782922675.6693974
2.726937638969254,-4.666492762287944,0.9711848261748444,1782922677.1732123
2.733881496982373,-4.65613083165141,0.9661932995269249,1782922678.6783707
2.7540820311632426,-4.627013322686098,0.9672767019088451,1782922680.2294111
2.7537953215849815,-4.6266646843249415,0.9671432012713043,1782922681.766592
2.7535339964292365,-4.626326146764559,0.9670807704242156,1782922683.2696943
2.7532859237454463,-4.626046194764968,0.9672840272737843,1782922684.774573
2.753002274602753,-4.6258431667665905,0.96746697068989,1782922686.2784011
2.752718625454212,-4.6256401387755295,0.967649914106766,1782922687.8304698
2.752434976299898,-4.6254371107918075,0.9678328575245632,1782922689.3671756
2.7385427645567786,-4.645121850750416,0.9694474172137234,1782922690.8704593
2.714165112493842,-4.67923771637409,0.9691324820315855,1782922692.374318
2.7013660960986576,-4.696773715309645,0.9697058373693006,1782922693.8783393
2.701087721002064,-4.696557432273775,0.97001678094625,1782922695.415726
2.7020243329544704,-4.696675505348081,1.0880016284025966,1782922696.9184463
2.7060735007306596,-4.695917150471377,1.4807679058222032,1782922698.424368
2.709086201331592,-4.693528606502773,1.8692257787471687,1782922699.9265444
2.7097387880169013,-4.690919607907567,2.1304451830676947,1782922701.4319444
2.7004045466467423,-4.677825617072326,2.2447818161723876,1782922702.9666004
2.6745898854108643,-4.646355218523341,2.2536826984176455,1782922704.4714236
2.6646487074982153,-4.636404188788913,2.1328228225458967,1782922705.9754128
2.6627432103746846,-4.63994057716782,1.7421485904153466,1782922707.479411
2.658710253863238,-4.6419619731648725,1.3508123009728163,1782922709.0155468
2.654561452064353,-4.641643194279264,0.962310391654732,1782922710.519508
2.6522978376291504,-4.641119823008588,0.8283319163575064,1782922712.023462
2.6520255554836427,-4.640563624303123,0.8283414115705326,1782922713.527469
2.6517633059666217,-4.640008013669129,0.828522855665366,1782922715.0796995
2.669829903984573,-4.620096612360789,0.8240304232797618,1782922716.615636
2.6804295567551417,-4.607818207739621,0.8273174207770831,1782922718.1196315
2.6801442855264246,-4.607262543202052,0.8272264182638405,1782922719.6235025
2.6798138883985336,-4.6067047212113925,0.8267985135777711,1782922721.1276011
2.6810971322746187,-4.605919939121626,0.9489611855565606,1782922722.6325965
2.685703820545273,-4.604335657982426,1.3604787856772853,1782922724.1688144
2.6885180255471317,-4.601313662632821,1.7503185408442858,1782922725.6725616
2.6900503070103063,-4.598655221169727,2.133671234137468,1782922727.1765647
2.6773265470364747,-4.578455418950778,2.1630892682893554,1782922728.6805758
2.6633084482240097,-4.5588795445593275,2.1976228393652897,1782922730.216199
2.638660187320791,-4.524964423176561,2.1951878864933665,1782922731.7202003
2.6145527739029126,-4.491798049767096,2.199417660390162,1782922733.2249472
2.5865174131555126,-4.45333870496806,2.203008669246713,1782922734.7286131
2.5533700920901556,-4.407392491442591,2.192070616353062,1782922736.2328086
2.5218105077173067,-4.359264374568511,2.2085986018546397,1782922737.769797
2.486765755284566,-4.314892232436753,2.240012240859437,1782922739.272652
2.4517851516407476,-4.270610516492368,2.2426985257581835,1782922740.7787385
2.416948877381318,-4.226978032113921,2.2411400154669616,1782922742.2812345
2.3811146975282926,-4.181754839152306,2.2409563303642286,1782922743.8180528
2.3466866929988583,-4.13788405997421,2.241345906538794,1782922745.3216927
2.311777611829223,-4.093940790656881,2.2429309685501826,1782922746.8257003
2.2770707288944707,-4.049577149197245,2.2424468714352916,1782922748.329277
2.2670785450918767,-4.039147146057698,2.0969739568225547,1782922749.865735
2.2649513643827044,-4.0433211096437125,1.6995335155010511,1782922751.3697135
2.261003777287475,-4.046572344731618,1.3018951478762015,1782922752.8737755
2.2557109057488747,-4.047559908235182,0.9024655136988888,1782922754.3777547
2.2528613921592058,-4.047286635113673,0.7500405549285666,1782922755.9303484
2.252671106795124,-4.046830276930378,0.7491347198944517,1782922757.4339106
2.2518968447332894,-4.047156837596806,0.7505621983248548,1782922758.9699442
2.2208370674714306,-4.075549536254649,0.7487336017340109,1782922760.4747975
2.217152039627984,-4.07833664390986,0.7482457561771445,1782922761.9780183
2.217041823043812,-4.07795591918854,0.7479409209884009,1782922763.530271
2.2169386361040444,-4.07757595869352,0.7476900857973507,1782922765.0666168
2.216790737296665,-4.077254113403354,0.7474392898084041,1782922766.5701833
2.216597006031366,-4.0769889998045565,0.7471905187166347,1782922768.0749366
2.1976620084608363,-4.094168137793506,0.7467471398637358,1782922769.579043
2.1736799903373143,-4.115924970743071,0.7472460527548458,1782922771.1309235
2.1734862590656108,-4.115659857150379,0.7470729656374727,1782922772.6666467
2.1733055531572423,-4.1153953265330525,0.7468998651505017,1782922774.1708715
2.173111821881551,-4.11513021294446,0.7467267646553607,1782922775.6749053
2.1728377821649496,-4.114856640360515,0.7459407427612184,1782922777.1789148
2.1893497174868166,-4.099318063157429,0.9327477732280487,1782922778.7308223
2.201637840815943,-4.080759657691911,1.17102360712533,1782922780.2678635
2.2092691585781368,-4.0602308850603555,1.400830798330669,1782922781.771754
2.212429446016996,-4.038610435810962,1.6358358203738284,1782922783.2759387
2.2110658614842102,-4.017434935597383,1.8563674546949505,1782922784.779996
2.204002770617149,-3.9956756550389927,2.0785889041422343,1782922786.2833972
2.192959533980247,-3.976656620836663,2.2788316235226644,1782922787.820153
2.174757935257483,-3.9556205109850473,2.2799261081847977,1782922789.3239985
2.1480128918170553,-3.924382172001147,2.280548567888518,1782922790.8272548
2.1210411166869774,-3.893479246597695,2.2852286644775286,1782922792.3314457
2.0935098972419692,-3.861336771017026,2.285511631162044,1782922793.8679025
2.076532943835021,-3.8415800112411413,2.285313851956245,1782922795.3719656
2.0764634450240136,-3.8414364874069644,2.2848950727546553,1782922796.876657
2.0763871357805646,-3.8413361679496023,2.2841443094766496,1782922798.379291
2.0752991235796725,-3.8369557574686484,2.6279119530899333,1782922799.9156415
2.0720401782851647,-3.83296628338888,3.0251067220581285,1782922801.4220653
2.0677940331658937,-3.829739332934333,-2.8569239782345823,1782922802.9250548
2.065963706645729,-3.8290787609131796,-2.758311164959931,1782922804.4301648
2.065824271795276,-3.8288989885996605,-2.7581413216142234,1782922805.9324274
2.063960776248429,-3.827285491720706,-2.5116758569915016,1782922807.4687948
2.056565919167723,-3.8318109310179107,-2.3893708889677345,1782922808.9731252
2.0258216122734067,-3.8604978974624844,-2.3856582959417905,1782922810.4771364
2.0079410925708467,-3.877270124940735,-2.3825937751944903,1782922811.9811385
1.9993965470062718,-3.885364562042164,-2.3825590988490895,1782922813.5348485
1.9948577757783983,-3.885610271289036,-2.025471748510703,1782922815.0683713
1.9903783121610912,-3.8872073783194026,-1.6243963825442855,1782922816.5741737
1.9877389781025947,-3.8906686231539287,-1.227406539143279,1782922818.0761943
1.9869917625776383,-3.891739149221854,-1.1009039691652693,1782922819.6303687
2.005424383898677,-3.926963275671629,-1.0936031891190228,1782922821.1326823
2.0114482078550493,-3.9392030898227004,-1.0378784647052697,1782922822.66966
2.0118095037073807,-3.943533600423544,-0.6366447438339584,1782922824.1732235
2.0131954800176493,-3.947719331170845,-0.23630565502788284,1782922825.6772316
2.015648178595318,-3.951008015552225,0.10777593993744304,1782922827.181468
2.017359278156856,-3.9518946831046,0.2633497990598205,1782922828.7181664
2.0172745890194634,-3.951741450758434,0.2628556642043903,1782922830.2215698
2.017188529468524,-3.951616857194634,0.2625436538865101,1782922831.7256546
2.017096395183623,-3.9514883780650987,0.26217664356660697,1782922833.2297275
2.01700426089725,-3.9513598989361656,0.2618096332435175,1782922834.733663
2.0169121266094625,-3.951231419807817,0.2614426229162696,1782922836.270291
2.016819992320313,-3.951102940680041,0.261075612584171,1782922837.7733176
2.0167278580298458,-3.950974461552833,0.2607086022468775,1782922839.2793434
2.0132297670819113,-3.9481906624347514,-0.09198663630233311,1782922840.8292763
2.0098055869929974,-3.943580621380587,-0.49173070314233425,1782922842.3336017
2.008896666480379,-3.9393550533718558,-0.7754448329645882,1782922843.870709
2.0091412006373055,-3.936585311251243,-0.957912213707443,1782922845.3755405
2.0301308931803828,-3.9668281732241666,-0.9616674312462813,1782922846.8790035
2.0546966860145215,-4.00143618588908,-0.9610241203420644,1782922848.430906
2.073471777572493,-4.028126046010306,-0.8634671190049069,1782922849.9665077
2.0949258090388456,-4.052528017182391,-0.8490483429778897,1782922851.4704869
2.1116998594959813,-4.071514366942487,-0.849983132069091,1782922852.974398
2.112361279406008,-4.0750133156476664,-0.5641114685821265,1782922854.4804342
2.115285826055395,-4.079545587538985,-0.14977809053896346,1782922856.0304303
2.118729456263062,-4.082936025480586,0.24710105174416802,1782922857.5346444
2.1231844010625083,-4.085013576378809,0.6551537586232138,1782922859.0705862
2.1247198380114876,-4.085048926097726,0.748704502791847,1782922860.5754857
2.124776084632364,-4.084890305994304,0.7478952636985697,1782922862.080014
2.124857371272533,-4.084735427193277,0.7473810246128062,1782922863.6319733
2.1248690144070164,-4.08455655123713,0.7469174867109624,1782922865.167976
2.124885666633645,-4.084378628683289,0.7464919488130025,1782922866.6717885
2.1248383989227517,-4.0841774324003675,0.7461545671936876,1782922868.175516
2.1247911312095256,-4.083976236118452,0.745817185574364,1782922869.681658
2.1246799595716435,-4.083750954466847,0.7455687433225527,1782922871.2319188
2.124504554163066,-4.083500905432244,0.7454102661136318,1782922872.7672102
2.124129087791603,-4.083243332285123,0.7179099837219555,1782922874.2717254
2.1193571092331487,-4.081268425194159,0.3218390886020546,1782922875.7765682
2.1144954566860656,-4.0774613958694985,-0.07455461501195565,1782922877.2796063
2.1112824554079297,-4.072940241671833,-0.4851892771404139,1782922878.8321364
2.1095447876845705,-4.068070647488399,-0.8159566178789608,1782922880.3688705
2.1095945090590758,-4.0679605456776935,-0.8162166180246349,1782922881.8726027
2.1153361341056676,-4.074007704837458,-0.8186905335045019,1782922883.376617
2.1979679986727794,-4.162301403972549,-0.8183170536577132,1782922884.8816235
2.2610849277007574,-4.230307568312819,-0.8173259247489432,1782922886.433136
2.3026616447778885,-4.274751422973126,-0.818316280538318,1782922887.9841948
2.3145921926121993,-4.288387689569806,-0.736166989066857,1782922889.5210862
2.315328869522866,-4.293345655840563,-0.2736860476584276,1782922890.6726286
2.3157339751973,-4.293853174644323,-0.24131339888498987,1782922892.1776795
2.317417775211273,-4.297937684922148,0.15218410329961196,1782922893.6811316
2.3208261508981893,-4.30132518514076,0.5195550570406036,1782922895.216853
2.323939724139362,-4.30260227991365,0.8208877120187037,1782922896.7210765
2.326060509987296,-4.302676787593192,0.96559793280242,1782922898.2247808
2.326160097152906,-4.302634622672134,0.9646861590621122,1782922899.7287242
2.3289785064351163,-4.302216162564094,1.2116801013632743,1782922901.2818794
2.329196094867581,-4.302126962795115,1.211738053965986,1782922902.832605
2.3240858067203827,-4.302236861937409,0.7611993144815139,1782922903.9693232
2.319246961380549,-4.299095277934752,0.26879270881271056,1782922904.5299883
2.316242800891599,-4.29412161540587,-0.18286180413245276,1782922904.9787624
2.3153024027151936,-4.28912555098072,-0.6342592770792489,1782922905.42577
2.3218303127107895,-4.292861944224815,-0.8146309289430207,1782922906.929818
2.4181790743755935,-4.396327677366115,-0.8154853757080098,1782922908.4818575
2.5942783472366853,-4.584475397125549,-0.8182579277333558,1782922909.9218771
2.77130145595126,-4.774724683386628,-0.8180846153588276,1782922911.1213372
2.937174671739952,-4.950947518181602,-0.8186831085982933,1782922912.6260967
2.937679243484771,-4.9548601098547955,-0.3377106272241855,1782922913.665838
2.9413072066330965,-4.959998178375833,0.19547974495072862,1782922914.0830972
2.9456425998864475,-4.963772828201804,0.694818994179007,1782922914.4179738
2.9512389515451782,-4.964472307093899,1.1864970980132625,1782922914.723038
2.9563378082980045,-4.961849122574303,1.7205740797814604,1782922915.0259006
2.958257089785338,-4.959038513954302,1.8550053309395595,1782922916.5320752
2.9570866308724395,-4.961174135001864,1.5852450271349983,1782922918.0824068
2.9526782685187802,-4.962257305812639,1.1034012854114368,1782922918.529838
2.947008496678656,-4.961139522773578,0.6450115142667768,1782922918.8660824
2.9419008018551085,-4.957661001099011,0.22409109968613106,1782922920.370852
2.9384046231002428,-4.953698665399101,-0.20731334396273984,1782922921.8739016
2.9367786764397423,-4.951153794898527,-0.46326744041655016,1782922923.3788865
2.937832413506247,-4.948367855754092,-0.891329957782733,1782922924.8822274
2.972069655515975,-4.991603841617195,-0.8945211545431712,1782922926.4190764
3.1326956506811525,-5.192867479715812,-0.8937098737944494,1782922927.923139
3.1683833998354602,-5.236998232057076,-0.8921477608597379,1782922929.4270434
3.2363272399747194,-5.322222836777869,-0.8928057684285245,1782922930.930406
3.236538325879012,-5.325266769249344,-0.5637862195010053,1782922932.4662745
3.2365693135317004,-5.327898033690202,-0.27980550789460235,1782922933.970951
3.2361694629625277,-5.327528504325299,-0.28024579625756707,1782922935.474969
3.2358280296676223,-5.327265565042416,-0.2806819096535776,1782922936.9799638
3.23546026067506,-5.326947304595921,-0.2815830708793584,1782922938.5311763
3.2427554198040034,-5.328607810179821,-0.2834406370080106,1782922940.0671616
3.2751595939397853,-5.33771973575117,-0.28319983997352627,1782922941.571997
3.3224634604130974,-5.351725732451264,-0.2845786666392652,1782922943.075197
3.344388131439962,-5.35701431938964,-0.3388223299088989,1782922944.5796187
3.343221977072864,-5.352625087916327,-0.7805547611567202,1782922946.1318526
3.357863097115726,-5.368976269054993,-0.8528289125502951,1782922947.667355
3.4137350887754834,-5.433292243419889,-0.8533951656632849,1782922949.1721213
3.4957688752438587,-5.527362342507463,-0.8517738417023679,1782922950.6760557
3.5771256888452503,-5.621599266812074,-0.8538810526437857,1782922952.181116
3.6585322953438584,-5.715804123809834,-0.8541061634744058,1782922953.6833756
3.6721916201438063,-5.731140946312428,-0.9090711648128852,1782922955.2194853
3.6728497384225687,-5.7269399616719605,-1.362854332795793,1782922956.5810933
3.6760859110126876,-5.724401679496745,-1.8239547821615882,1782922957.7311862
3.6805967264493846,-5.723785449070602,-2.279810550251885,1782922958.868103
3.68213424670608,-5.724453773791615,-2.4383332599646046,1782922960.37131
3.6815986388291617,-5.724232691703888,-2.438812964933547,1782922961.8761468
3.6793227508947406,-5.723216270335538,-2.2862348139888953,1782922963.3802714
3.6788681663004468,-5.72299485595545,-2.2872187309660132,1782922964.932401
3.6498558515342734,-5.754721354554295,-2.2924692936461115,1782922966.4687238
3.6042781681660108,-5.804997242949853,-2.2911542737100037,1782922967.973122
3.5556197425793457,-5.858798677809164,-2.2893344245150193,1782922969.4761815
3.506872912491314,-5.912889131727038,-2.2891450518337306,1782922970.981176
3.49965829963453,-5.920331302789984,-2.288720417407204,1782922972.5325987
3.5010053828313032,-5.9207475709274275,-2.475022340823861,1782922974.0682623
3.4971748858898537,-5.923696028410678,-2.485682331915015,1782922975.572353
3.4261577636312284,-5.9770322383684125,-2.4849878883836354,1782922977.0762155
3.427574509568773,-5.977041378676025,-2.619324278648694,1782922978.580565
3.430004027303998,-5.980503892018213,-3.0964236757651507,1782922979.2688675
3.4310646181252644,-5.985311564257234,2.6926530142139895,1782922979.5734088
3.430369982534096,-5.990577393903263,2.1991522070565694,1782922979.8284397
3.4273132377492836,-5.994677947684834,1.7424900806110928,1782922980.0682614
3.421278837355546,-5.99752591181435,1.2557644758899322,1782922980.3254087
3.4152968094169736,-5.997138097669831,0.7618224464693568,1782922980.5825715
3.41024837091764,-5.993883426031697,0.30539997754818005,1782922980.8222742
3.4060947931750545,-5.988781453964155,-0.18109507838133845,1782922981.0772543
3.403336820961948,-5.983568063190242,-0.6639695275884525,1782922981.3326125
3.4031415311982793,-5.978727254000481,-1.1269919509871071,1782922981.5732458
3.405777944914089,-5.974841996175818,-1.6134347785656133,1782922981.8294964
3.40991761326109,-5.973716139922756,-2.0694284967918084,1782922982.0690424
3.4148600755905534,-5.9754756637893145,-2.5550255603113716,1782922982.324231
3.4183991430511407,-5.979686315481066,-3.046752854553006,1782922982.581489
3.420750311796209,-5.986199393454729,2.752051522711169,1782922982.868739
3.4204149704222933,-5.987988987582894,2.6370407747557842,1782922984.3732734
3.420590742730903,-5.990220287223067,2.4232631320181572,1782922985.877274
3.419847483607361,-5.993881722483742,2.040696772389847,1782922987.3813982
3.416832864815227,-5.9973057736592414,1.6385752693618925,1782922988.9341395
3.4183367137238627,-5.995251074229776,1.9894327179539963,1782922990.4700725
3.418463712550168,-5.991251039037297,2.454630001455508,1782922991.781466
3.417304134223576,-5.987374245151636,2.9086827770482353,1782922992.62947
3.4145008560330323,-5.9826047925732535,-2.881613049731577,1782922993.38193
3.409979979073626,-5.979651341605498,-2.3862775790875883,1782922993.97473
3.4046452461799697,-5.978856633290221,-1.8992992672867757,1782922994.4699824
3.399213819542924,-5.981344618714555,-1.388134236764404,1782922994.9816651
3.39676134899412,-5.984910517660944,-0.936373709446951,1782922995.429324
3.396764688001666,-5.990031456189564,-0.48581920163353093,1782922995.87732
3.3984890801655765,-5.995357296416738,0.010096358900022216,1782922996.3733788
3.4015925712710233,-5.999945400680311,0.5067527214790242,1782922996.869402
3.406069823950741,-6.002053741272752,0.9741235584942103,1782922997.3351388
3.410654860393226,-6.001573002263752,1.4246328504883146,1782922997.782412
3.4150065614238283,-5.99839798066581,1.9170972143892786,1782922998.3263478
3.4154132331128895,-5.993510894016896,2.380019286144887,1782922998.8714995
3.4145753929597156,-5.9914575674599195,2.522533265984739,1782923000.3743594
3.4139775565787804,-5.991546623077563,2.522853248226478,1782923001.8793776
3.412764106100042,-5.989339600056482,2.7767906496138637,1782923003.3829317
3.409998712561865,-5.985455547608712,-3.0963169875412517,1782923004.9346478
3.406405332457542,-5.981749570004074,-2.618353531912104,1782923006.3744009
3.4014417216460973,-5.980045951943953,-2.1598167714556022,1782923006.982403
3.3967323697466187,-5.980531571717915,-1.786312497335614,1782923008.518503
3.3969005958241403,-5.980295083876161,-1.8550334946222373,1782923010.0227983
3.4013839236867205,-5.979374402236201,-2.251106561116177,1782923011.5264115
3.4053132736854463,-5.981667145486695,-2.672063378669784,1782923013.0305524
3.40826394047377,-5.985366411539487,-3.1405772092510036,1782923014.11873
3.4094043187323546,-5.9900188996792245,2.680357399718158,1782923014.982522
3.4091949658418095,-5.992152911094363,2.5628477002756735,1782923016.5343273
3.4088626943643745,-5.99228092500342,2.5643718392410357,1782923018.0705874
3.408548509461964,-5.9925309261186355,2.5650659879955704,1782923019.575492
3.4074513855476685,-5.990961618821642,2.744274091770811,1782923021.0785754
3.405908884445542,-5.988699187179735,2.9922268437816792,1782923022.5829208
3.403951394175287,-5.986950181972709,-3.020866512032298,1782923024.119328
3.400666300798841,-5.98426521029643,-2.6107424461514936,1782923025.6236053
3.397116242523292,-5.98221902029765,-2.2597146547602347,1782923027.127744
3.3960383565810672,-5.983517991834746,-2.2590306342278077,1782923028.631326
3.369013399604449,-6.0165214018066235,-2.248872734309302,1782923030.1358469
3.3416681692526122,-6.0500208058690275,-2.2450598528944923,1782923031.6716254
3.3413430860011264,-6.050330901724773,-2.2435449276160226,1782923033.1755612
3.3374798960094045,-6.050576931760485,-1.8789043029696768,1782923034.6795735
3.3357292015177684,-6.0510448764564835,-1.6819154956828724,1782923036.231578
3.3360651808500617,-6.0509839368273965,-1.6810989469430893,1782923037.768634
3.336412066980675,-6.050913884484333,-1.6802823982318653,1782923039.2727106
3.336755977175922,-6.050845867785926,-1.6794398515571067,1782923040.7767203
3.337324983955921,-6.050892948696877,-1.6784026515541668,1782923042.2811708
3.337893990734016,-6.050940029628469,-1.6773654516099006,1782923043.8315227
3.341289552935441,-6.050396170289233,-1.9967223744228344,1782923045.3682055
3.3475027285098045,-6.050976835889854,-2.461869448850923,1782923046.520865
3.3275303020492903,-6.066918186125965,-2.5187125675761353,1782923048.024819
3.1397072330596574,-6.203235691938824,-2.5125653203083425,1782923049.5286665
3.1405073776443153,-6.203018441133162,-2.5110144279501982,1782923051.0328968
3.1208846395748924,-6.2176488589871335,-2.470639530317398,1782923052.5709443
3.0986489090589098,-6.237668283978247,-2.2182383787475177,1782923054.0727212
3.0845743945174786,-6.257773741898678,-2.0097355109970416,1782923055.5767148
3.0648654251402903,-6.311603124878213,-1.835058595460464,1782923057.0808806
3.0534337522258648,-6.371144764308038,-1.6781770287964266,1782923058.6328602
3.0516938197892642,-6.4304204799338285,-1.5356341819978259,1782923060.1685524
3.0473988469958364,-6.485304450584684,-1.6754868688814202,1782923061.6737337
3.03446947145042,-6.5401316061138495,-1.8340882910947702,1782923063.177745
3.0130314519014516,-6.591752129960539,-1.9909574884659333,1782923064.6817503
2.983136481141889,-6.642491826974808,-2.155949435359297,1782923066.233433
2.9827835123040884,-6.646891667556598,-2.3266703656311902,1782923067.7702265
2.987628970604666,-6.649489418079482,-2.7155039853745166,1782923069.2737775
2.990940479322699,-6.65265314691659,-3.1016304907751393,1782923070.7777922
2.9934356091998082,-6.656605484193967,2.7951943240096675,1782923072.281903
2.9945077196474275,-6.658059739436794,2.6484761890400814,1782923073.8339612
2.9948090076385476,-6.65831233531878,2.6482962302663253,1782923075.3859985
2.995084847220201,-6.658549695433455,2.6481423342687975,1782923076.9218524
2.99533281289915,-6.658762348171486,2.647993469191047,1782923078.425833
2.995275372302203,-6.6588570562496985,2.678143457107298,1782923079.929841
2.9938072443421393,-6.655487912458704,3.0727285059037306,1782923081.4342885
2.9906809413991575,-6.651639949947725,-2.7530843995253873,1782923082.9721012
2.988508179016079,-6.649937353619576,-2.530982554630576,1782923084.474914
2.977579609617577,-6.6580983871062065,-2.3749597722944484,1782923085.9790862
2.9607743009535525,-6.672741264206843,-2.0764297123294635,1782923087.4829094
2.9531587484070743,-6.686915811769474,-1.8597325760911256,1782923089.0351074
2.919394352573763,-6.796826304665965,-1.8500642784954422,1782923090.5711696
2.899305507625594,-6.864675371915876,-1.6913659030461312,1782923092.0749135
2.897864010558269,-6.866275545261368,-1.4428046927521492,1782923093.5789323
2.898069331862713,-6.866585648989194,-1.4426670637716918,1782923095.0823758
2.90441571809664,-6.920270239123579,-1.4420676194476114,1782923096.6182337
2.9148760576695785,-7.016398050286779,-1.4421468604818688,1782923098.1230683
2.925451868972648,-7.11279678573174,-1.44217387271805,1782923099.6269715
2.92696696448797,-7.125598389097946,-1.4423097498656576,1782923101.1319716
2.927188907466258,-7.125889161032703,-1.442549599559355,1782923102.684174
2.927404990326391,-7.126187050579122,-1.4427184349044333,1782923104.2199998
2.926941795632312,-7.130625992597193,-1.077165550279483,1782923105.7241566
2.9344290731259175,-7.14131461365449,-0.8591874755658883,1782923107.22763
2.982468372565949,-7.1961880193530785,-0.8553187025320492,1782923108.7321486
3.0117921434177473,-7.231285770812976,-0.7014594172910017,1782923110.2674189
3.013687975971959,-7.234854515759546,-0.3921503873770243,1782923111.7731383
3.0136754652086366,-7.234929163427587,-0.39250235745894413,1782923113.276049
3.0154071951303294,-7.237235942235673,-0.1671526950203613,1782923114.7810545
3.0190882001275905,-7.240384236972947,0.23237222408562516,1782923116.283404
3.022588551489667,-7.242629779770573,0.5070243007404357,1782923117.835487
3.0385999957925454,-7.233170764942329,0.5565483699538843,1782923119.3720777
3.0709681511029454,-7.212447069655557,0.5609435934783967,1782923120.8770924
3.0702399305691976,-7.212895136300343,0.5600597914896452,1782923122.3807
3.069916652239588,-7.213083742419197,0.5593959656792596,1782923123.932871
3.0695821478949825,-7.213328201415134,0.5587391031681554,1782923125.4688785
3.069228560330227,-7.2135669305979295,0.5579302143297775,1782923126.973374
3.0688940559835958,-7.213811389591902,0.5572733254908877,1782923128.4771423
3.068559551635911,-7.21405584858506,0.5566164366515742,1782923129.9813054
3.0694035213904347,-7.214331911183643,0.6144247424526068,1782923131.5328195
3.0774338778444683,-7.210581803466451,0.8606118032725799,1782923133.036307
3.119200447339937,-7.162717019367506,0.8687874157421592,1782923134.5723686
3.2738700891850754,-6.984635678434514,0.8654705147052831,1782923136.0781772
3.4374382332233435,-6.795764112648918,0.863652366866578,1782923137.2772026
3.460696244467611,-6.768673573073213,0.8665071719963706,1782923138.780776
3.4599579224117973,-6.765955000667045,0.6407467847615703,1782923140.3334634
3.4956516780590943,-6.739828693122544,0.639232387137114,1782923141.8685732
3.566116923886801,-6.6872604454541085,0.6403300092245374,1782923143.374298
3.5636970149688887,-6.685961367461123,0.3605648417207153,1782923144.8771918
3.562422452951187,-6.685792441038672,0.2947595025666117,1782923146.381231
3.5623282155320437,-6.686033865345963,0.29459222344075936,1782923147.9341297
3.562210897350064,-6.686261422608523,0.29422097688276183,1782923149.4699318
3.5620665038489907,-6.686472100087567,0.2936117303258301,1782923150.9734292
3.5604553902863043,-6.685821703704491,0.1739039319329299,1782923152.477334
3.561209952995121,-6.687483382586933,0.3626987221576192,1782923153.981367
3.5643577758538356,-6.689170033372706,0.6745859142973973,1782923155.5351655
3.5919289775989345,-6.667318873924575,0.6815545931511054,1782923157.070017
3.664524064248187,-6.608659500372381,0.6786447460442631,1782923158.5742948
3.8461360771838655,-6.462658869450835,0.6771516190224598,1782923160.0772996
4.025453481022763,-6.318567241513743,0.6753753809869436,1782923161.5823224
4.024118730838573,-6.3179100359722185,0.5292856385616851,1782923163.1187916
4.020847930698742,-6.315059039819797,0.05883349314310093,1782923163.678337
4.017877199508689,-6.309892155667004,-0.45759313999318346,1782923164.0304303
4.017382767293017,-6.305253103898796,-0.9179788691821166,1782923164.3176875
4.020242708843254,-6.300933277671737,-1.4494156832827017,1782923164.6224213
4.022652145703623,-6.298489466413102,-1.5820958784019628,1782923166.126355
4.0224927048271635,-6.298714092963791,-1.5823850781304225,1782923167.6305363
4.022337273057733,-6.298934728188423,-1.5828242813957942,1782923169.1823795
4.022192879568832,-6.299145405683992,-1.5832694846566746,1782923170.7342763
4.02204848608066,-6.299356083180051,-1.5837146879061401,1782923172.286538
4.021904092593151,-6.299566760676481,-1.5841598911544015,1782923173.8223867
4.0232327816761995,-6.298876698065213,-1.7701573732657487,1782923175.3263972
4.027381194439384,-6.29880239046854,-2.185625402388603,1782923176.830475
4.031056856328098,-6.299785923666132,-2.4931307659351467,1782923178.3829246
3.9535598146318516,-6.357893190353302,-2.504363875772973,1782923179.9190288
3.7436759862567506,-6.512876196467337,-2.5064103426647795,1782923181.231433
3.5828158907356027,-6.632179509858465,-2.477312461482807,1782923182.783464
3.5782317450266112,-6.6301299738227115,-2.0522896271694786,1782923184.3359048
3.5744202713925426,-6.6332619777609265,-1.7193431958532752,1782923185.8717754
3.5724378881647683,-6.65072839478276,-1.5846093469546585,1782923187.3765397
3.5697659368897887,-6.806131117690926,-1.5453179931594394,1782923188.880154
3.5697402360693755,-6.838459044316038,-1.3235289892527866,1782923190.3847876
3.56927462542377,-6.841118185105885,-0.9557078418674912,1782923191.9200468
3.6006369836565946,-6.884849023709839,-0.9561070073121825,1782923193.4235098
3.734328162765605,-7.074455310089052,-0.95875499820783,1782923194.9274597
3.7512740747102056,-7.099099555793323,-0.9636134747337299,1782923196.432577
3.8169247800592623,-7.193600724997405,-0.962161045334022,1782923197.9351952
3.8168043283459245,-7.193662702140454,-0.9633906816371827,1782923199.4728262
3.817366566546169,-7.195959849521611,-0.6892335173578136,1782923200.975803
3.818819751239835,-7.200667083231016,-0.2295814096841556,1782923201.4715517
3.821430952390871,-7.204973890484256,0.2282653859785781,1782923201.8716738
3.825519606682531,-7.2081126955881345,0.5486124400854251,1782923203.376736
3.8253393786999346,-7.208310887475454,0.5481314567833205,1782923204.8795764
3.812167394288584,-7.216488060303621,0.5492690962401352,1782923206.384926
3.719003282121183,-7.2748840611213685,0.5442689533825139,1782923207.9366755
3.71868479840429,-7.275172337559101,0.5432157086307053,1782923209.4735956
3.7187134306742866,-7.275237708497474,0.5431225205363819,1782923210.9765835
3.7187420629437145,-7.275303079436901,0.5430293324340426,1782923212.4816306
3.718770695212577,-7.275368450377527,0.5429361443226075,1782923213.9848032
3.718843137744569,-7.275447447059671,0.543086966096629,1782923215.5209887
3.7188717700123335,-7.275512818003047,0.5429937878609251,1782923217.0246437
3.740544234029039,-7.262101271636993,0.7585688126257305,1782923218.5287578
3.741323185147742,-7.2622217829437234,0.7937661301763793,1782923220.0326817
3.7411993912696255,-7.262318180532065,0.7935424477197512,1782923221.536848
3.758220597235669,-7.245710383728443,0.471521104696063,1782923223.072774
3.7816860672815245,-7.23339981845633,0.4658837138372764,1782923224.5776815
3.7813196854230404,-7.233532479974731,0.4674532473940284,1782923226.081871
3.788209207616603,-7.230147147731575,0.46393576115064417,1782923227.6341712
3.800645056607018,-7.223052868865386,0.33944155713953145,1782923229.1699834
3.800540298519631,-7.223091749314321,0.3385941025583863,1782923230.6738348
3.8101684379084357,-7.219538925063042,0.33439242538747654,1782923232.1777313
3.8280997739698237,-7.21240818850817,0.07404693875344982,1782923233.681733
3.851475792485735,-7.210392526785134,0.04944930669724444,1782923235.233862
3.8703460438896684,-7.21088783245256,-0.04904110503149905,1782923236.7865877
3.912920057178072,-7.2130218951571905,-0.04601998542967544,1782923238.3216467
3.954858398329355,-7.214641503879641,-0.04686657613412209,1782923239.8257563
3.9971469180181156,-7.216396288588102,-0.042546043991475845,1782923241.3299932
4.039173883932645,-7.217830357815763,-0.041018049125581345,1782923242.8343182
4.082353190633716,-7.218926709412855,-0.040603374034704445,1782923244.3865929
4.124620979288962,-7.220033292191857,-0.038054939113230414,1782923245.923144
4.142328435972687,-7.221499070991175,0.07182431881259714,1782923247.4268808
4.145513509481591,-7.223825564720387,0.37352898461422523,1782923248.93107
4.147816708704596,-7.224755636313698,0.5198125128805129,1782923250.4343126
4.152935626703123,-7.222699901374904,0.6189375515066324,1782923251.9704175
4.187676208586049,-7.197426868337821,0.62935893043827,1782923253.4742086
4.222820411531023,-7.171812996280604,0.6270668618398042,1782923254.979065
4.274003843050175,-7.134693360453526,0.6271451161911623,1782923256.4824164
4.333904852403883,-7.091647117650256,0.6247894906696347,1782923258.019313
4.392568066837855,-7.049672943557162,0.6254172636416985,1782923259.5240774
4.457813240795299,-7.0031036903345045,0.6239951708310735,1782923261.0280924
4.514149690070341,-6.963276785731417,0.6239309884652503,1782923262.5311606
4.515704601680992,-6.96322955801913,0.6922374179048818,1782923264.0841117
4.519729367602002,-6.963908501723648,1.136275857526113,1782923265.635427
4.523689082140968,-6.963082681629117,1.5897203240982467,1782923266.5811636
4.526791028533464,-6.959359849021827,2.061626013078996,1782923267.5231864
4.527610102371001,-6.956472067189169,2.382245497005937,1782923269.0277448
4.527630753478048,-6.956357678309303,2.3825932576039626,1782923270.531397
4.527650383081246,-6.956284276812643,2.382628019329123,1782923272.083335
4.527667864392558,-6.956216823195487,2.3825167822075954,1782923273.619759
4.527347189983537,-6.9554964995208985,2.4654289367563202,1782923275.123308
4.525895820129234,-6.951638448827278,2.9536374857665924,1782923276.4195943
4.5226767527993585,-6.947560234023933,-2.845561525571133,1782923276.8836389
4.51843518678382,-6.944400989978987,-2.3955971727985066,1782923277.2354383
4.513129164199905,-6.94399010215051,-2.04577870867371,1782923278.771499
4.516686323566675,-6.943998386300093,-2.311092293249664,1782923280.2753234
4.518223109968836,-6.944384063610755,-2.4393089360025875,1782923281.7805352
4.479672008406767,-6.977155397698893,-2.438288244525456,1782923283.2844205
4.3153137720532735,-7.116161601405137,-2.442128849169603,1782923284.8209972
4.11842792998923,-7.280807529133898,-2.4447068037300674,1782923286.0373864
3.920579959199697,-7.4461127502636515,-2.444511159323405,1782923287.220579
3.728869800676635,-7.6071495669492215,-2.4431455837689895,1782923288.3726664
3.5362421796068606,-7.768128920474678,-2.446158059130005,1782923289.5245006
3.3420861657412364,-7.929261042695056,-2.4502015796765138,1782923291.028515
3.1493914664391434,-8.0898732456754,-2.448992114554704,1782923292.180513
2.9567857259272,-8.250334968958757,-2.4506696503394116,1782923293.3329823
2.853551030113201,-8.335982073566072,-2.3670811196137906,1782923294.8688116
2.8493435137317324,-8.334246871223959,-1.9053670441455566,1782923295.7332149
2.8503860230778604,-8.336283702269274,-2.14712211037416,1782923297.2708926
2.855448106805176,-8.340097121902616,-2.6578383513768418,1782923297.5725892
2.860394159199689,-8.345825726455978,-3.1374405798250513,1782923297.8766255
2.863364551004136,-8.348604609480871,2.900506883345361,1782923299.3816383
2.8636141089105682,-8.34848682692553,2.902164060020764,1782923300.8860931
2.863655607171199,-8.348096812732168,2.9024133559382466,1782923302.4214206
2.8638384756401187,-8.347897705021715,2.901688243517105,1782923303.926739
2.8664717192983424,-8.350524037888201,2.5513971128115016,1782923305.429706
2.8677513623352766,-8.35232957985057,2.352165124737798,1782923306.934731
2.867866540596842,-8.35223467692382,2.3514971366706727,1782923308.469551
2.8679817188591206,-8.352139773999237,2.3508291486100803,1782923309.9738588
2.84827853323306,-8.332100293968173,2.3464406463163767,1782923311.4788468
2.7178515251244875,-8.2010032166287,2.347372147642679,1782923312.9828436
2.7183856330961063,-8.201317788609874,2.3439499134972297,1782923314.5350518
2.7182076103842308,-8.200889648559878,2.3431676965081625,1782923316.0709512
2.703267058088954,-8.185162502918963,2.3411911674848476,1782923317.5750086
2.6747374156502395,-8.156537069027209,2.341295587016809,1782923319.0784729
2.631032619178542,-8.111885430462388,2.3404078526593,1782923320.5829945
2.5807430526864756,-8.05971635164617,2.3399383033509835,1782923322.1360116
2.531124063617204,-8.00847283722748,2.3409076358468695,1782923323.6711094
2.502173769135376,-7.978097567717466,2.3372335622989895,1782923325.1751184
2.50277082712116,-7.979686019858737,2.047019469257557,1782923326.67902
2.50101525070022,-7.9825424669578915,1.5963936337965707,1782923327.224075
2.495974069168662,-7.982942226816462,1.0911081838559136,1782923327.7345848
2.4933436091776193,-7.982923064499779,0.9948709604250994,1782923329.2706149
2.493262115453948,-7.982610963853744,0.9948756927726221,1782923330.7751014
2.493145406178132,-7.982303430668085,0.9946124263272218,1782923332.2801056
2.4899513556740414,-7.980366438451724,0.7193511919432284,1782923333.783296
2.487721731972708,-7.977172632151169,0.4716302217024376,1782923335.335547
2.487624712679462,-7.97687292801284,0.4715292320767859,1782923336.871787
2.487509002567351,-7.976565435853732,0.4712772424514753,1782923338.3752086
2.4872862310160286,-7.976115287294253,0.4557413184820731,1782923339.8802097
2.4842734931192765,-7.972104166774875,0.05789424357822089,1782923341.384588
2.4811859955785613,-7.968200181254229,-0.3820278407214813,1782923342.9358432
2.4794932258052826,-7.96333814913071,-0.8411316656766487,1782923344.4720557
2.479478629088546,-7.9583580515297605,-1.2872895022668136,1782923345.9752934
2.482316840097567,-7.955254621033058,-1.751955724038553,1782923347.2729535
2.4851344136701328,-7.9539600672115345,-2.0312076717566905,1782923348.7763977
2.4888565345529505,-7.953840468402068,-2.3130176870735384,1782923350.2794287
2.490617018052969,-7.953824176579592,-2.4284957459086565,1782923351.784798
2.486851031083375,-7.952199285043174,-1.967272808061457,1782923352.6324766
2.483149782551254,-7.953617787988665,-1.5164473341990121,1782923353.2246172
2.481375724351305,-7.958169103309944,-1.0150135349774134,1782923353.6245246
2.4898751864994493,-7.969823509692972,-0.725998219750252,1782923355.1285696
2.5505719333368075,-8.020988979862517,-0.694493787938595,1782923356.6326191
2.63543112369097,-8.074325452657451,-0.4690711353524952,1782923358.1855354
2.6520991679595967,-8.081486079264076,-0.6367932741379492,1782923359.688352
2.6502530110371794,-8.077847937343249,-1.1646163707934551,1782923360.1860845
2.6526080820427014,-8.074659539346298,-1.6315681980965642,1782923360.4729297
2.657695230955384,-8.074988186417233,-2.166127674629165,1782923360.776553
2.6627321640620307,-8.078048968851675,-2.489181132714045,1782923362.2815266
2.6627805521188743,-8.078367970036712,-2.489914561527931,1782923363.7845469
2.662790329377164,-8.078678833689718,-2.4903600087156397,1782923365.3207986
2.662814972849014,-8.078992525008113,-2.490914455901908,1782923366.8255782
2.662839616320336,-8.079306216328312,-2.4914689030864796,1782923368.3298888
2.66324438839328,-8.080469975439245,-2.559378957091518,1782923369.8336384
2.6650979152551253,-8.083789993847532,-2.7967740126205616,1782923371.3375306
2.6651225587241836,-8.084103685173087,-2.7973260681478833,1782923372.8898025
2.6651200135487456,-8.084402755362698,-2.797644156347798,1782923374.4261482
2.6653475147845143,-8.084100383605751,-2.7586709292799,1782923375.929747
2.6634425144578024,-8.079283499935588,-2.372841617720852,1782923377.433726
2.662795380025073,-8.079523513202792,-2.343198141822301,1782923378.971991
2.6628699306617785,-8.079840249856614,-2.344130603602263,1782923380.4747472
2.6628988980610684,-8.080147859217984,-2.3446819729735164,1782923381.9777997
2.662168822888104,-8.079884301024848,-2.259184210119224,1782923383.4828136
2.658998942213441,-8.078299078376185,-1.8584411639272003,1782923385.0349505
2.657158336118819,-8.071902320135225,-1.4061886412981626,1782923386.4750865
2.653053142545287,-8.06608126095524,-0.9474954953717527,1782923387.7223928
2.6488226566083988,-8.064110566923146,-0.4851303264527482,1782923388.8760831
2.641725022152448,-8.066187098040963,-0.02138413133836775,1782923390.0268826
2.634396980547775,-8.072403393614453,0.44201132679721605,1782923391.178973
2.6299085792043404,-8.082179666282846,0.9065531294608297,1782923392.3309364
2.6305102629653607,-8.08290130698007,0.9641955888400423,1782923393.8350518
2.6305180091706024,-8.083211497399553,0.9634470218067375,1782923395.3389254
2.63055915217748,-8.083516926397595,0.962846470005732,1782923396.8749907
2.628218004562455,-8.083071852590951,0.7272410891383891,1782923398.3800106
2.624510401911998,-8.078992537572246,0.2594696189655031,1782923398.82702
2.6214987872813635,-8.073879687804741,-0.21776596438764803,1782923399.1801796
2.618799385134797,-8.070160103122939,-0.6808474381996478,1782923399.4827197
2.6172162711226052,-8.066395524656452,-1.1448534237340067,1782923399.7702353
2.6187811455801704,-8.063155637090489,-1.605742108399191,1782923400.0283744
2.6240184439979526,-8.062575525450274,-2.0672912816893385,1782923400.2840016
2.6289738738256787,-8.065510291531915,-2.444291697681936,1782923401.8199933
2.632321777608533,-8.069551519896839,-2.7663164625425347,1782923403.3241248
2.6329153633999796,-8.070767205239086,-2.81737063789352,1782923404.8272016
2.6329856521685415,-8.071098950451074,-2.818322765198103,1782923406.3320773
2.633311600933474,-8.071538161601747,-2.842476542335294,1782923407.884235
2.633577590590553,-8.07205324485041,-2.84308505187287,1782923409.4352844
2.6336065579298453,-8.072360854190862,-2.8436715614125823,1782923410.9393682
2.633276128027207,-8.072794383379907,-2.8438374668977797,1782923412.475247
2.632934194237115,-8.073221008896416,-2.8440034014668885,1782923413.9802225
2.632603764327759,-8.073654538079202,-2.8441693360461167,1782923415.4832792
2.6313104548072848,-8.073245307589218,-2.7582610542728556,1782923417.036749
2.627670901363377,-8.0682729375367,-2.2882156559987674,1782923418.1726143
2.622560152801576,-8.067079284582931,-1.8126626980448326,1782923418.9713953
2.619438311859449,-8.06899352220617,-1.3554346236527675,1782923419.7243965
2.620672967808263,-8.073597546213781,-0.878039323005125,1782923420.5244064
2.6272587240732865,-8.08043730691805,-0.5739955616472128,1782923422.029324
2.6890217723196335,-8.118923050322541,-0.5703938285986724,1782923423.532442
2.688696502396988,-8.119393094880762,-0.5701260383437353,1782923425.0361967
2.68836925817125,-8.119849944657165,-0.5699582117455778,1782923426.5729773
2.7369846929850237,-8.150953204124997,-0.5737289705259766,1782923428.076843
2.8214594035599476,-8.20376264734862,-0.5731844410260669,1782923429.5814636
2.8192050422238055,-8.200507369510833,-1.0608591234223663,1782923430.9730186
2.820063005775693,-8.197315048982395,-1.5251035373696349,1782923431.324436
2.8224604382414133,-8.196338775434768,-1.7034730842573251,1782923432.830737
2.825845932478752,-8.196968282691396,-2.1735939282860444,1782923434.0297794
2.831180094728107,-8.201060268140862,-2.6587153777075185,1782923434.5725908
2.83576424519403,-8.2068647451837,-3.111281852930085,1782923435.5804863
2.8368531755318167,-8.208279594549941,-3.21261568477814,1782923437.0854702
2.8365367897601357,-8.208474099090724,-3.211592670612284,1782923438.6219685
2.836290591705126,-8.208761187013899,-3.211438638644716,1782923440.1256754
2.8361272814043357,-8.209053257995155,-3.2112584669118553,1782923441.629588
2.8359685812833524,-8.209350690693789,-3.21112528753533,1782923443.133609
2.8358986943958744,-8.20966062741809,-3.211021862575088,1782923444.637435
2.835641984168399,-8.209286013634758,-3.1362391500114004,1782923446.1733522
2.833361947298991,-8.204626156597355,-2.6710240418886886,1782923447.6306624
2.828810719731764,-8.203092560350665,-2.3573697162290532,1782923449.1341343
2.8283007469113004,-8.203299731481133,-2.334479066993039,1782923450.6391497
2.8283195321011743,-8.203623692874897,-2.334418417767564,1782923452.1906235
2.8252065867135205,-8.202767010124965,-2.0225897380772206,1782923453.7268505
2.8222163195657397,-8.204282228018096,-1.5694090471760564,1782923455.0866902
2.820880037173709,-8.208951408840736,-1.0792814387458143,1782923455.4879282
2.822509177589361,-8.21409144135874,-0.61287210543461,1782923455.823124
2.8248847683173928,-8.219525648214628,-0.11567210206302007,1782923456.1789005
2.8280362650257924,-8.226205753925422,0.3820094832065601,1782923456.5268738
2.845691604467019,-8.21883396767877,0.7494395009855083,1782923458.0309305
2.8784894500378946,-8.189081431130717,0.7457792553313846,1782923459.534806
2.8991959495743105,-8.17018423864818,0.7046222620495204,1782923461.0868618
2.8975591521085473,-8.167840692955226,0.42482432382495644,1782923462.6386647
2.939265303812061,-8.149188393819607,0.4253898318810805,1782923464.1917026
3.0276528101345725,-8.108665149629758,0.4277029214459347,1782923465.726555
3.1467007502219597,-8.053393693760954,0.4278320938400532,1782923467.231074
3.2659300954297144,-7.997244313072648,0.4738949274621133,1782923468.7347028
3.366217580402904,-7.922149275713753,0.9405736000590236,1782923470.175037
3.409275307876548,-7.83213257858051,1.406828016394409,1782923471.3281174
3.4139510317600084,-7.797861676384845,1.5772564804545033,1782923472.8309677
3.413907321277036,-7.798286911308051,1.5777839048993296,1782923474.3361084
3.413888233655827,-7.798689814344987,1.5785553276941613,1782923475.871317
3.3738051341145705,-7.5776553695370525,1.9054613680011727,1782923477.376104
3.3630989784579177,-7.549796323621128,2.1389961857291486,1782923478.8800244
3.348407186847439,-7.5305465074866005,2.2596609264769905,1782923480.3840804
3.342124173077215,-7.521264093445976,1.8238312163994927,1782923481.8877993
3.3402966523167685,-7.511127881259264,1.5303615540565245,1782923483.4236574
3.3467754179908096,-7.3936574568188576,1.5351178753444488,1782923484.9291208
3.3598147992149947,-7.134727233242801,1.4974482429221445,1782923486.4321437
3.371295713287204,-7.030287169646865,1.4318242322092474,1782923487.9364371
3.370789653427364,-7.0316442811852085,1.468979099845327,1782923489.4727664
3.3722527161369875,-7.0260328780421455,1.5535735579869292,1782923490.9753354
3.374412356255491,-6.958714857397256,1.555103479812315,1782923492.4805305
3.3630499035472297,-6.8340759689401525,1.7911591769794295,1782923493.984336
3.344450787295695,-6.737413248456257,1.7601788444197806,1782923495.536661
3.3442169396944803,-6.739617061555701,1.7320176686789563,1782923497.0404208
3.3450573201540075,-6.736874539328644,2.0021655564963243,1782923498.5764055
3.333824370669713,-6.7176628274520365,2.0955187422082524,1782923500.0806296
3.2318477044747485,-6.537382834198797,2.092130803455762,1782923501.584541
3.0981942144387697,-6.316056522944841,2.1676551924908125,1782923502.7844317
3.0377705728039137,-6.231894722248657,2.2055446407615347,1782923504.3365462
2.8910417348611634,-6.032630056357668,2.2050001126457803,1782923505.87297
2.73637338052989,-5.824659647561589,2.207370573460797,1782923507.07374
2.5828560320444462,-5.615547232608371,2.2040763726177195,1782923508.2746267
2.4342112491912165,-5.41181270747,2.199227127617057,1782923509.4413936
2.2809456360350824,-5.202315695175945,2.2020325833658556,1782923510.6415565
2.1175782720040575,-5.006773553225895,2.356629935149978,1782923511.8257537
1.9170107567961885,-4.837981637610949,2.498148639001537,1782923513.0416918
1.7054007511814548,-4.693751039828379,2.555303814631202,1782923514.2261603
1.4867485302495929,-4.548077619101415,2.5535353844514517,1782923515.4413984
1.2731497156748515,-4.4061118653197635,2.5572018508736263,1782923516.8821423
1.0597129072673976,-4.259601383529185,2.500306762519796,1782923518.0815177
0.8689467132518857,-4.086764242980206,2.3315173428384517,1782923519.28156
0.6923317561493652,-3.897878240013989,2.3579835550337838,1782923520.48258
0.5001019931069509,-3.725106826475095,2.4321425957530636,1782923521.681591
0.30354758474543386,-3.5559531330388503,2.432946601226091,1782923522.8826115
0.10608687461385416,-3.3873200083247337,2.434001903664105,1782923524.0828238
-0.07179460784833243,-3.2016033311086547,2.220444489025957,1782923525.282643
-0.20106187257235686,-2.978668890648157,1.9794590201897868,1782923526.483816
-0.27174297373835954,-2.731642825033455,1.6821366681673866,1782923527.6838398
-0.25195767768682187,-2.5215220651033943,1.210476463758472,1782923528.674554
-0.15649147749273964,-2.3806079839483534,0.7354084290709051,1782923529.4742675
0.06673970260846089,-2.2539153524992406,0.39057980453177193,1782923530.674321
0.08716315419124378,-2.2456288311191233,0.5546379876942182,1782923532.1782763
0.18921244477349025,-2.182225308792155,0.5568036353412141,1782923533.6831784
0.40640714188454696,-2.0464758522916946,0.5843864164912803,1782923535.0754223
0.42429314644976035,-2.038720437884133,1.036104648823528,1782923536.5787437
0.4296182125897559,-2.0378394826833075,1.5010764732729645,1782923536.9307623
0.4313296797306007,-2.0362533188182774,1.5574581224719455,1782923538.4348454
0.433195031196824,-1.963673190793184,1.5589981915530857,1782923539.9863784
0.4425453004563994,-1.8417036231755197,1.4750403587730243,1782923541.490487
0.43218717574884946,-1.7334471771671314,1.9298783587686636,1782923542.883886
0.3609053913036353,-1.6162521202988287,2.1701413587536234,1782923544.3880644
0.28764372254739967,-1.4979789270246855,2.1330043587288183,1782923545.9238577
0.26089575174409535,-1.4539126548546257,2.1342333587026667,1782923547.428022
0.26086387142072215,-1.454019067484829,2.133502358679971,1782923548.9320717
0.26086387140632117,-1.4540190674926952,2.1335023586611297,1782923550.4360058
0.2608539102888719,-1.4540545749127702,2.1332233586461933,1782923551.9884226
0.2608490941530303,-1.454069333134617,2.1331063586349157,1782923553.5233204
0.26084909414399987,-1.4540693331392853,2.133106358626851,1782923555.028125
0.26084909413709495,-1.4540693331428145,2.1331063586214585,1782923556.531964
0.26083924264611175,-1.454102843564715,2.1328463586182127,1782923558.037033
0.2608392426437592,-1.454102843565902,2.1328463586167032,1782923559.53922
